Time,header.seq,header.stamp.secs,header.stamp.nsecs,header.frame_id,latitude.data,longitude.data,altitude.data,utm_easting.data,utm_northing.data,zone_num.data,zone_letter.data,fix_quality.data
1645136772.8402958,3078,0,0,,42.339081990000004,-71.08439465,7.773,328291.2949909017,4689529.339073822,19.0,T,4
1645136773.053486,3079,0,0,,42.33908157999999,-71.08439492666668,7.775,328291.2710826278,4689529.2941051535,19.0,T,4
1645136773.245939,3080,0,0,,42.339081228333335,-71.08439538166667,7.782,328291.2326417449,4689529.2559740925,19.0,T,4
1645136773.4434125,3081,0,0,,42.33908085,-71.08439606333333,7.775,328291.17545510305,4689529.215339637,19.0,T,4
1645136773.6387637,3082,0,0,,42.33908030999999,-71.084396775,7.77,328291.11535695416,4689529.156813915,19.0,T,4
1645136773.844339,3083,0,0,,42.33907960166667,-71.08439766666666,7.788,328291.0399719043,4689529.079959557,19.0,T,4
1645136774.0456524,3084,0,0,,42.33907867666667,-71.08439870166666,7.769,328290.9521890528,4689528.979335471,19.0,T,4
1645136774.2450058,3085,0,0,,42.339077628333335,-71.08439975833333,7.801,328290.86228554684,4689528.865059913,19.0,T,4
1645136774.4480896,3086,0,0,,42.339076613333326,-71.08440098666665,7.8,328290.7583305896,4689528.754832437,19.0,T,4
1645136774.6552489,3087,0,0,,42.33907563166667,-71.08440217333333,7.791,328290.65789892944,4689528.648222234,19.0,T,4
1645136774.8338976,3088,0,0,,42.33907472166668,-71.08440373166667,7.788,328290.52704383124,4689528.550320629,19.0,T,4
1645136775.0470226,3089,0,0,,42.339073684999995,-71.08440513666666,7.798,328290.408475794,4689528.438044007,19.0,T,4
1645136775.243846,3090,0,0,,42.339072619999996,-71.08440645166668,7.778,328290.2972449765,4689528.322439439,19.0,T,4
1645136775.4540443,3091,0,0,,42.33907151,-71.08440786166666,7.768,328290.1780654105,4689528.20202981,19.0,T,4
1645136775.6328044,3092,0,0,,42.33907037666667,-71.08440923500001,7.796,328290.06184298685,4689528.078955151,19.0,T,4
1645136775.8409753,3093,0,0,,42.339069203333345,-71.08441052166667,7.808,328289.9526514234,4689527.951263779,19.0,T,4
1645136776.0472002,3094,0,0,,42.339068145,-71.08441213333334,7.776,328289.8169988467,4689527.836998601,19.0,T,4
1645136776.2418725,3095,0,0,,42.33906720833334,-71.08441357333332,7.781,328289.6958196306,4689527.735896913,19.0,T,4
1645136776.4523783,3096,0,0,,42.33906609666667,-71.08441495499999,7.787,328289.57896965626,4689527.615245007,19.0,T,4
1645136776.6601844,3097,0,0,,42.33906506166666,-71.08441629166666,7.774,328289.46603553824,4689527.503015475,19.0,T,4
1645136776.840677,3098,0,0,,42.339063841666665,-71.08441780833333,7.779,328289.3377691417,4689527.37060661,19.0,T,4
1645136777.0444593,3099,0,0,,42.33906277833333,-71.08441918666666,7.79,328289.2213253246,4689527.255315025,19.0,T,4
1645136777.2401693,3100,0,0,,42.33906179666667,-71.08442079000001,7.769,328289.0865679255,4689527.149546284,19.0,T,4
1645136777.449397,3101,0,0,,42.339060749999994,-71.08442251333332,7.774,328288.9417477909,4689527.036802123,19.0,T,4
1645136777.6481583,3102,0,0,,42.33905972666666,-71.08442422166667,7.794,328288.7982268912,4689526.926618663,19.0,T,4
1645136777.8436131,3103,0,0,,42.33905872333333,-71.08442557333332,7.77,328288.6841432221,4689526.817935779,19.0,T,4
1645136778.047077,3104,0,0,,42.33905742666667,-71.08442689333333,7.78,328288.571869839,4689526.676616515,19.0,T,4
1645136778.2385695,3105,0,0,,42.33905634333333,-71.08442845666667,7.801,328288.44013094786,4689526.559477698,19.0,T,4
1645136778.443357,3106,0,0,,42.33905524333333,-71.084429975,7.778,328288.3120538575,4689526.440397299,19.0,T,4
1645136778.649298,3107,0,0,,42.33905417833333,-71.08443172833334,7.776,328288.1647123407,4689526.325677961,19.0,T,4
1645136778.8406992,3108,0,0,,42.33905323333334,-71.08443333833334,7.795,328288.0295055065,4689526.223994256,19.0,T,4
1645136779.0360885,3109,0,0,,42.33905205833333,-71.08443472,7.801,328287.9124830784,4689526.096309693,19.0,T,4
1645136779.2430859,3110,0,0,,42.33905077166667,-71.08443617,7.789,328287.78952727397,4689525.956363396,19.0,T,4
1645136779.4517834,3111,0,0,,42.33904945833333,-71.08443759333332,7.813,328287.6686957189,4689525.813402117,19.0,T,4
1645136779.6439886,3112,0,0,,42.33904833833334,-71.08443902500001,7.798,328287.5477039063,4689525.691925867,19.0,T,4
1645136779.847466,3113,0,0,,42.339047326666666,-71.08444074,7.781,328287.403665503,4689525.58305139,19.0,T,4
1645136780.0384097,3114,0,0,,42.33904634333334,-71.08444223666667,7.793,328287.2776908881,4689525.476882199,19.0,T,4
1645136780.2452888,3115,0,0,,42.33904523666667,-71.08444372499999,7.801,328287.1520670652,4689525.357000956,19.0,T,4
1645136780.4400072,3116,0,0,,42.339044068333344,-71.08444503,7.765,328287.0413786855,4689525.229901862,19.0,T,4
1645136780.6593637,3117,0,0,,42.33904272166666,-71.08444635833332,7.771,328286.9282826277,4689525.083047332,19.0,T,4
1645136780.8429956,3118,0,0,,42.33904147,-71.08444770833333,7.801,328286.81366022804,4689524.946785586,19.0,T,4
1645136781.0432851,3119,0,0,,42.33904028166667,-71.08444908666668,7.781,328286.69687606796,4689524.817613747,19.0,T,4
1645136781.2390835,3120,0,0,,42.33903909833332,-71.08445063666666,7.787,328286.5659633281,4689524.689343796,19.0,T,4
1645136781.4575794,3121,0,0,,42.33903791166667,-71.084452065,7.802,328286.44506461325,4689524.560458005,19.0,T,4
1645136781.642449,3122,0,0,,42.339036635,-71.08445321,7.783,328286.3472623895,4689524.421006213,19.0,T,4
1645136781.8507187,3123,0,0,,42.33903516499999,-71.08445452833332,7.778,328286.23465440364,4689524.260436271,19.0,T,4
1645136782.0394752,3124,0,0,,42.339034009999985,-71.08445594166666,7.798,328286.1150775985,4689524.135036536,19.0,T,4
1645136782.2411041,3125,0,0,,42.33903275833333,-71.08445740666666,7.777,328285.9909812717,4689523.999007046,19.0,T,4
1645136782.4558206,3126,0,0,,42.339031750000004,-71.08445920333334,7.776,328285.8402240415,4689523.8906676695,19.0,T,4
1645136782.6583662,3127,0,0,,42.33903081166667,-71.08446091666666,7.798,328285.6965224986,4689523.789932969,19.0,T,4
1645136782.838864,3128,0,0,,42.339029593333336,-71.08446248999999,7.783,328285.56359220436,4689523.657823676,19.0,T,4
1645136783.043504,3129,0,0,,42.33902823499999,-71.08446406166667,7.774,328285.430418118,4689523.510165085,19.0,T,4
1645136783.247123,3130,0,0,,42.33902686833334,-71.08446552333332,7.79,328285.3062833324,4689523.361359002,19.0,T,4
1645136783.447911,3131,0,0,,42.33902565666667,-71.08446711999999,7.797,328285.1714489318,4689523.23003712,19.0,T,4
1645136783.6444025,3132,0,0,,42.339024645,-71.08446869166666,7.781,328285.03921848704,4689523.120873231,19.0,T,4
1645136783.8448615,3133,0,0,,42.339023590000004,-71.08447015333334,7.797,328284.9159320672,4689523.00667536,19.0,T,4
1645136784.0424733,3134,0,0,,42.339022324999995,-71.08447153333333,7.789,328284.7988018489,4689522.868993664,19.0,T,4
1645136784.2393498,3135,0,0,,42.339020976666674,-71.084472785,7.781,328284.6920171029,4689522.721799272,19.0,T,4
1645136784.4463007,3136,0,0,,42.33901972,-71.08447428666666,7.793,328284.5648864516,4689522.58528864,19.0,T,4
1645136784.6517687,3137,0,0,,42.33901841833334,-71.08447571833334,7.794,328284.44340001664,4689522.443639739,19.0,T,4
1645136784.8337135,3138,0,0,,42.33901724333333,-71.08447720000002,7.783,328284.31813928986,4689522.316157184,19.0,T,4
1645136785.0414119,3139,0,0,,42.33901616833333,-71.08447895666667,7.808,328284.17049579584,4689522.200334235,19.0,T,4
1645136785.2475193,3140,0,0,,42.33901486166666,-71.08448038666667,7.811,328284.0491330426,4689522.0581267625,19.0,T,4
1645136785.4419208,3141,0,0,,42.33901359833333,-71.08448183166666,7.782,328283.9266525162,4689521.92076142,19.0,T,4
1645136785.6470377,3142,0,0,,42.33901216166667,-71.08448330166665,7.79,328283.80164060765,4689521.764199225,19.0,T,4
1645136785.8375611,3143,0,0,,42.339010834999996,-71.08448478333332,7.808,328283.67596700625,4689521.619875251,19.0,T,4
1645136786.0407388,3144,0,0,,42.33900959666667,-71.08448635333333,7.8,328283.5432567989,4689521.485538417,19.0,T,4
1645136786.244806,3145,0,0,,42.33900839833333,-71.08448816666667,7.788,328283.39060924854,4689521.356134694,19.0,T,4
1645136786.4384966,3146,0,0,,42.339007236666674,-71.08448967499999,7.8,328283.2631879349,4689521.230186578,19.0,T,4
1645136786.6559474,3147,0,0,,42.33900598499999,-71.08449107166666,7.783,328283.14472091955,4689521.094019132,19.0,T,4
1645136786.835083,3148,0,0,,42.33900469666667,-71.08449253166667,7.778,328283.0209365776,4689520.95390804,19.0,T,4
1645136787.0420048,3149,0,0,,42.33900352166667,-71.08449408500002,7.802,328282.88977177534,4689520.826570241,19.0,T,4
1645136787.2449718,3150,0,0,,42.33900227,-71.08449567666666,7.792,328282.75524030684,4689520.690796612,19.0,T,4
1645136787.4393213,3151,0,0,,42.33900123499999,-71.08449735500001,7.793,328282.61415887414,4689520.579257191,19.0,T,4
1645136787.644874,3152,0,0,,42.33900024,-71.08449874666667,7.813,328282.49680242664,4689520.471580537,19.0,T,4
1645136787.8388128,3153,0,0,,42.33899896833333,-71.08449989833333,7.805,328282.39846446936,4689520.332697473,19.0,T,4
1645136788.040092,3154,0,0,,42.33899775,-71.08450111833334,7.784,328282.29464226944,4689520.199874671,19.0,T,4
1645136788.2450001,3155,0,0,,42.33899657666666,-71.08450242833334,7.801,328282.1835282055,4689520.072230536,19.0,T,4
1645136788.4417014,3156,0,0,,42.338995485000005,-71.08450368833334,7.8,328282.0767555329,4689519.953553887,19.0,T,4
1645136788.6493847,3157,0,0,,42.33899461166667,-71.08450511666666,7.795,328281.95670959435,4689519.859461448,19.0,T,4
1645136788.849892,3158,0,0,,42.33899383166666,-71.08450660666668,7.823,328281.8318375071,4689519.775857503,19.0,T,4
1645136789.0474617,3159,0,0,,42.33899279333333,-71.08450779333333,7.808,328281.7312513342,4689519.662955019,19.0,T,4
1645136789.2395945,3160,0,0,,42.33899162333334,-71.08450885666666,7.795,328281.6404671604,4689519.535182881,19.0,T,4
1645136789.435413,3161,0,0,,42.33899035166667,-71.08450995500002,7.804,328281.54652286705,4689519.396192119,19.0,T,4
1645136789.6387377,3162,0,0,,42.33898929333333,-71.08451127000001,7.804,328281.43530991604,4689519.281327965,19.0,T,4
1645136789.845269,3163,0,0,,42.33898827500001,-71.084512635,7.793,328281.3200867592,4689519.171006488,19.0,T,4
1645136790.0414622,3164,0,0,,42.338987401666664,-71.08451419666667,7.791,328281.1890565577,4689519.077183333,19.0,T,4
1645136790.2396786,3165,0,0,,42.33898647166667,-71.08451552666666,7.803,328281.0769572115,4689518.976599918,19.0,T,4
1645136790.4444542,3166,0,0,,42.338985404999995,-71.08451688666668,7.785,328280.9620143789,4689518.860901299,19.0,T,4
1645136790.6503494,3167,0,0,,42.33898421166667,-71.08451803999999,7.786,328280.86375230487,4689518.730719941,19.0,T,4
1645136790.8358982,3168,0,0,,42.33898306,-71.08451924666666,7.817,328280.76120995457,4689518.605273058,19.0,T,4
1645136791.043904,3169,0,0,,42.33898198000001,-71.08452057166667,7.805,328280.6491141793,4689518.4880231945,19.0,T,4
1645136791.2384436,3170,0,0,,42.33898102,-71.08452193333333,7.801,328280.5343243947,4689518.3841724675,19.0,T,4
1645136791.443217,3171,0,0,,42.338980086666666,-71.08452340166667,7.796,328280.410819806,4689518.283498294,19.0,T,4
1645136791.641393,3172,0,0,,42.338979120000005,-71.084524845,7.804,328280.2892840215,4689518.17907222,19.0,T,4
1645136791.8397024,3173,0,0,,42.33897794666667,-71.08452598999999,7.789,328280.1917628839,4689518.051094887,19.0,T,4
1645136792.0467298,3174,0,0,,42.33897663500001,-71.08452732166667,7.785,328280.0784872416,4689517.908133679,19.0,T,4
1645136792.243506,3175,0,0,,42.33897539833333,-71.08452877166665,7.791,328279.9556672509,4689517.77373963,19.0,T,4
1645136792.4353874,3176,0,0,,42.33897421333332,-71.084530345,7.785,328279.8228274766,4689517.645331853,19.0,T,4
1645136792.6583152,3177,0,0,,42.33897313666666,-71.08453205666666,7.803,328279.6788864536,4689517.529233044,19.0,T,4
1645136792.8357782,3178,0,0,,42.33897205666667,-71.08453341166667,7.805,328279.56431918906,4689517.412043784,19.0,T,4
1645136793.0402646,3179,0,0,,42.338970874999994,-71.08453468333333,7.798,328279.4563403175,4689517.283396918,19.0,T,4
1645136793.241365,3180,0,0,,42.33896947666667,-71.084535915,7.795,328279.35106690763,4689517.130610092,19.0,T,4
1645136793.4407983,3181,0,0,,42.33896830166667,-71.0845373,7.808,328279.23376957007,4689517.0029323995,19.0,T,4
1645136793.647049,3182,0,0,,42.338967135000004,-71.08453873333333,7.813,328279.1125131303,4689516.876277672,19.0,T,4
1645136793.8474345,3183,0,0,,42.338966226666656,-71.08454026333335,7.79,328278.98399633757,4689516.77850412,19.0,T,4
1645136794.044928,3184,0,0,,42.33896543666666,-71.08454166166668,7.793,328278.8666486048,4689516.693604677,19.0,T,4
1645136794.2362175,3185,0,0,,42.33896439833333,-71.08454282833334,7.815,328278.76770997664,4689516.580661841,19.0,T,4
1645136794.4418406,3186,0,0,,42.33896317,-71.08454385333333,7.787,328278.679924885,4689516.44633485,19.0,T,4
1645136794.652712,3187,0,0,,42.338962008333326,-71.084545055,7.809,328278.57776715164,4689516.319767475,19.0,T,4
1645136794.839895,3188,0,0,,42.33896094166666,-71.08454622999999,7.807,328278.4780648724,4689516.203695274,19.0,T,4
1645136795.0498753,3189,0,0,,42.338959901666676,-71.08454749833334,7.786,328278.3707462097,4689516.0907727,19.0,T,4
1645136795.249029,3190,0,0,,42.33895899000001,-71.0845491,7.779,328278.23631629045,4689515.992773756,19.0,T,4
1645136795.4421813,3191,0,0,,42.33895801833334,-71.08455038000001,7.802,328278.12822251895,4689515.887462641,19.0,T,4
1645136795.6407642,3192,0,0,,42.33895694666667,-71.08455164166666,7.8,328278.02136685763,4689515.771010263,19.0,T,4
1645136795.8423798,3193,0,0,,42.33895573666667,-71.08455281666667,7.791,328277.9212743761,4689515.639021994,19.0,T,4
1645136796.0386171,3194,0,0,,42.33895450833333,-71.08455415666667,7.795,328277.80753898935,4689515.505331181,19.0,T,4
1645136796.2514517,3195,0,0,,42.33895337833332,-71.08455545166666,7.8,328277.69777845964,4689515.382468655,19.0,T,4
1645136796.438139,3196,0,0,,42.33895228833334,-71.08455688833332,7.776,328277.5764560598,4689515.264333936,19.0,T,4
1645136796.658738,3197,0,0,,42.33895129500001,-71.08455851666665,7.804,328277.4396069548,4689515.1573204035,19.0,T,4
1645136796.8458734,3198,0,0,,42.338950170000004,-71.08455982666665,7.812,328277.3286242969,4689515.03504339,19.0,T,4
1645136797.0418096,3199,0,0,,42.33894899333333,-71.08456110666667,7.801,328277.2199724431,4689514.906968599,19.0,T,4
1645136797.2499936,3200,0,0,,42.338947684999994,-71.08456239166667,7.814,328277.11055025156,4689514.764283328,19.0,T,4
1645136797.4475257,3201,0,0,,42.33894656000001,-71.08456362499999,7.824,328277.0058835252,4689514.641851487,19.0,T,4
1645136797.6480248,3202,0,0,,42.33894554,-71.08456486833335,7.805,328276.9006788032,4689514.531099288,19.0,T,4
1645136797.841368,3203,0,0,,42.33894459833333,-71.08456641666666,7.798,328276.77056086797,4689514.4296613885,19.0,T,4
1645136798.0479674,3204,0,0,,42.33894368666667,-71.08456765666668,7.813,328276.6659256551,4689514.330932055,19.0,T,4
1645136798.242816,3205,0,0,,42.33894264666666,-71.08456904833334,7.82,328276.5484465122,4689514.218258587,19.0,T,4
1645136798.4394095,3206,0,0,,42.338941455,-71.08457034666667,7.796,328276.43824346573,4689514.0885552,19.0,T,4
1645136798.6617427,3207,0,0,,42.338940023333336,-71.08457166,7.829,328276.32615135494,4689513.932231937,19.0,T,4
1645136798.8456235,3208,0,0,,42.338938866666666,-71.08457304833333,7.809,328276.208629215,4689513.806596801,19.0,T,4
1645136799.0399199,3209,0,0,,42.33893778333333,-71.08457450833333,7.789,328276.0854026664,4689513.689249512,19.0,T,4
1645136799.2433567,3210,0,0,,42.338936665000006,-71.08457593666667,7.798,328275.96468959644,4689513.567951788,19.0,T,4
1645136799.437488,3211,0,0,,42.338935583333324,-71.08457739666665,7.815,328275.84146757884,4689513.450789573,19.0,T,4
1645136799.6437182,3212,0,0,,42.33893441166666,-71.08457864666667,7.797,328275.7353007394,4689513.323209428,19.0,T,4
1645136799.8469262,3213,0,0,,42.33893299,-71.08457990166666,7.803,328275.6280414309,4689513.167878789,19.0,T,4
1645136800.0430088,3214,0,0,,42.33893179499999,-71.08458124166668,7.82,328275.514396701,4689513.037889423,19.0,T,4
1645136800.2370558,3215,0,0,,42.338930610000006,-71.084582635,7.805,328275.39638549206,4689512.909118199,19.0,T,4
1645136800.441608,3216,0,0,,42.33892963333333,-71.08458429333334,7.795,328275.25711022294,4689512.804015999,19.0,T,4
1645136800.6468968,3217,0,0,,42.338928655000004,-71.08458564333334,7.799,328275.1432314784,4689512.698106018,19.0,T,4
1645136800.840659,3218,0,0,,42.33892742166666,-71.08458700333333,7.791,328275.0278347436,4689512.563900427,19.0,T,4
1645136801.0312269,3219,0,0,,42.33892607166667,-71.08458819833332,7.784,328274.9257134149,4689512.416406661,19.0,T,4
1645136801.2382913,3220,0,0,,42.33892470833333,-71.08458967333333,7.803,328274.8004888673,4689512.26799782,19.0,T,4
1645136801.4392107,3221,0,0,,42.33892371666667,-71.08459099666666,7.805,328274.6887706618,4689512.160553426,19.0,T,4
1645136801.6405253,3222,0,0,,42.33892253333333,-71.08459264166665,7.805,328274.55003119534,4689512.032475553,19.0,T,4
1645136801.8345525,3223,0,0,,42.338921524999996,-71.08459443,7.8,328274.39996004803,4689511.924119581,19.0,T,4
1645136802.0418878,3224,0,0,,42.33892039,-71.08459586166668,7.807,328274.27892693906,4689511.800977909,19.0,T,4
1645136802.245113,3225,0,0,,42.33891919166667,-71.08459730666668,7.812,328274.1566229932,4689511.6708304845,19.0,T,4
1645136802.435542,3226,0,0,,42.33891792,-71.08459872,7.794,328274.03672817216,4689511.532476,19.0,T,4
1645136802.6564572,3227,0,0,,42.33891671333334,-71.08460013,7.818,328273.91728489846,4689511.4013325395,19.0,T,4
1645136802.8493965,3228,0,0,,42.33891550333333,-71.08460153833333,7.796,328273.79796984885,4689511.269815574,19.0,T,4
1645136803.045294,3229,0,0,,42.338914403333334,-71.08460321166666,7.81,328273.6571230498,4689511.151048473,19.0,T,4
1645136803.2347052,3230,0,0,,42.338913385,-71.08460468,7.829,328273.53338684444,4689511.040935812,19.0,T,4
1645136803.4412313,3231,0,0,,42.338912115,-71.08460592666668,7.836,328273.42722684436,4689510.902429801,19.0,T,4
1645136803.6490796,3232,0,0,,42.338910840000004,-71.08460740666666,7.813,328273.3018307978,4689510.763839831,19.0,T,4
1645136803.8401384,3233,0,0,,42.33890956166667,-71.08460885666668,7.821,328273.1788971269,4689510.624819129,19.0,T,4
1645136804.0457613,3234,0,0,,42.33890834666666,-71.084610225,7.815,328273.0628637145,4689510.492666177,19.0,T,4
1645136804.2358918,3235,0,0,,42.33890723999999,-71.08461193333332,7.803,328272.91911537416,4689510.373229496,19.0,T,4
1645136804.432192,3236,0,0,,42.338906153333326,-71.08461332666667,7.807,328272.8013717622,4689510.255377477,19.0,T,4
1645136804.6483262,3237,0,0,,42.338904963333334,-71.08461485333335,7.815,328272.6723625951,4689510.12632037,19.0,T,4
1645136804.8376641,3238,0,0,,42.33890354666667,-71.08461611666665,7.801,328272.5644302708,4689509.971561816,19.0,T,4
1645136805.039202,3239,0,0,,42.33890224666667,-71.08461771166668,7.824,328272.42949221376,4689509.830428058,19.0,T,4
1645136805.2392848,3240,0,0,,42.33890088166666,-71.08461934833335,7.813,328272.29094462906,4689509.6821607,19.0,T,4
1645136805.437017,3241,0,0,,42.33889977,-71.08462091833333,7.793,328272.15857880865,4689509.561889436,19.0,T,4
1645136805.6376123,3242,0,0,,42.338898775000004,-71.08462265333333,7.807,328272.01293757063,4689509.454906364,19.0,T,4
1645136805.8338134,3243,0,0,,42.33889758333333,-71.08462401833334,7.819,328271.89724224096,4689509.325337687,19.0,T,4
1645136806.0345998,3244,0,0,,42.33889648999999,-71.08462530166668,7.803,328271.7885424573,4689509.206523241,19.0,T,4
1645136806.2328227,3245,0,0,,42.338895083333334,-71.08462674166668,7.832,328271.66608318815,4689509.05323193,19.0,T,4
1645136806.434213,3246,0,0,,42.338893865,-71.08462823666666,7.852,328271.5396056094,4689508.920964685,19.0,T,4
1645136806.6350765,3247,0,0,,42.33889262666667,-71.08462977666667,7.828,328271.40936639166,4689508.786567478,19.0,T,4
1645136806.8298905,3248,0,0,,42.33889153666667,-71.08463130999999,7.821,328271.2800801911,4689508.668628096,19.0,T,4
1645136807.030627,3249,0,0,,42.33889046666667,-71.08463279999998,7.848,328271.15441831376,4689508.552822044,19.0,T,4
1645136807.2255282,3250,0,0,,42.338889081666665,-71.08463416666667,7.829,328271.0380593402,4689508.401788553,19.0,T,4
1645136807.4312863,3251,0,0,,42.33888773333333,-71.08463554333332,7.832,328270.9209763652,4689508.254846814,19.0,T,4
1645136807.6324909,3252,0,0,,42.338886495,-71.08463699833332,7.83,328270.79773958656,4689508.120277946,19.0,T,4
1645136807.833417,3253,0,0,,42.33888527166667,-71.08463834166666,7.808,328270.6837429491,4689507.98714919,19.0,T,4
1645136808.0373042,3254,0,0,,42.33888419666667,-71.08463994666666,7.802,328270.5485935195,4689507.871020196,19.0,T,4
1645136808.2397373,3255,0,0,,42.338883158333324,-71.08464132166668,7.821,328270.43249174167,4689507.758498237,19.0,T,4
1645136808.443161,3256,0,0,,42.338881891666674,-71.08464266666667,7.812,328270.31823982426,4689507.620561015,19.0,T,4
1645136808.642935,3257,0,0,,42.33888051666666,-71.08464383333333,7.801,328270.21838442225,4689507.470234026,19.0,T,4
1645136808.836805,3258,0,0,,42.33887919,-71.084645275,7.819,328270.09600557236,4689507.3258294985,19.0,T,4
1645136809.038218,3259,0,0,,42.33887786833334,-71.08464683333334,7.8,328269.96402910625,4689507.182215813,19.0,T,4
1645136809.2445195,3260,0,0,,42.338876805,-71.08464843166666,7.801,328269.82946062303,4689507.067368864,19.0,T,4
1645136809.4332702,3261,0,0,,42.33887570166667,-71.0846498,7.813,328269.7137310833,4689506.947615698,19.0,T,4
1645136809.640662,3262,0,0,,42.33887460666667,-71.08465131333334,7.791,328269.58607884485,4689506.829080739,19.0,T,4
1645136809.8317552,3263,0,0,,42.33887327166667,-71.08465259666667,7.798,328269.4767210904,4689506.683431085,19.0,T,4
1645136810.033508,3264,0,0,,42.33887206333334,-71.08465399333332,7.815,328269.3583715411,4689506.552075699,19.0,T,4
1645136810.2301166,3265,0,0,,42.338871043333334,-71.08465556333334,7.783,328269.22625515284,4689506.441983373,19.0,T,4
1645136810.4353528,3266,0,0,,42.33887003500001,-71.084657425,7.776,328269.07014246745,4689506.333775621,19.0,T,4
1645136810.6468847,3267,0,0,,42.33886893333333,-71.08465876,7.805,328268.9571635041,4689506.214140211,19.0,T,4
1645136810.836228,3268,0,0,,42.33886771666667,-71.08466015666666,7.814,328268.8387912492,4689506.081859481,19.0,T,4
1645136811.027788,3269,0,0,,42.338866441666674,-71.08466140333333,7.821,328268.7326174778,4689505.942798326,19.0,T,4
1645136811.2332263,3270,0,0,,42.338865113333334,-71.08466297666668,7.839,328268.59938707633,4689505.798474677,19.0,T,4
1645136811.4348347,3271,0,0,,42.33886373,-71.08466456833332,7.813,328268.46449661226,4689505.648080728,19.0,T,4
1645136811.644814,3272,0,0,,42.33886266166666,-71.08466633833334,7.796,328268.31577223184,4689505.533025308,19.0,T,4
1645136811.8332536,3273,0,0,,42.33886158,-71.08466786666666,7.819,328268.1869205152,4689505.416001235,19.0,T,4
1645136812.0337398,3274,0,0,,42.338860318333346,-71.08466927833332,7.818,328268.0671900001,4689505.2787539065,19.0,T,4
1645136812.233912,3275,0,0,,42.33885897,-71.08467062333334,7.799,328267.9527156706,4689505.131748257,19.0,T,4
1645136812.4325895,3276,0,0,,42.338857718333344,-71.08467209,7.821,328267.8284813625,4689504.995722438,19.0,T,4
1645136812.6381526,3277,0,0,,42.338856495,-71.08467361333334,7.814,328267.69965587254,4689504.86295727,19.0,T,4
1645136812.8296356,3278,0,0,,42.338855329999994,-71.08467519833334,7.792,328267.56590896077,4689504.7367941225,19.0,T,4
1645136813.0322635,3279,0,0,,42.338854291666664,-71.08467654166668,7.825,328267.4524158464,4689504.624208256,19.0,T,4
1645136813.236132,3280,0,0,,42.338853076666666,-71.08467799333334,7.819,328267.32951706694,4689504.492223701,19.0,T,4
1645136813.4407802,3281,0,0,,42.338851818333325,-71.08467954166666,7.809,328267.1985367297,4689504.355622551,19.0,T,4
1645136813.63434,3282,0,0,,42.33885036833334,-71.08468092166666,7.833,328267.0809022271,4689504.1973983,19.0,T,4
1645136813.8397636,3283,0,0,,42.338849196666665,-71.08468249833332,7.807,328266.94782365905,4689504.070478052,19.0,T,4
1645136814.0333426,3284,0,0,,42.33884810666667,-71.08468411666666,7.788,328266.81153483107,4689503.952710423,19.0,T,4
1645136814.231006,3285,0,0,,42.33884713666666,-71.08468569166666,7.815,328266.6791425685,4689503.84818036,19.0,T,4
1645136814.4298902,3286,0,0,,42.33884603999999,-71.08468713166667,7.828,328266.55752703187,4689503.729312272,19.0,T,4
1645136814.6371047,3287,0,0,,42.33884492499999,-71.08468833833334,7.807,328266.45508403657,4689503.60793714,19.0,T,4
1645136814.82921,3288,0,0,,42.33884351499999,-71.08468976166668,7.811,328266.3339885158,4689503.454242116,19.0,T,4
1645136815.032616,3289,0,0,,42.33884224333333,-71.08469134166667,7.822,328266.2003630798,4689503.316224378,19.0,T,4
1645136815.2327843,3290,0,0,,42.338841121666675,-71.08469291333334,7.805,328266.0678325066,4689503.194846169,19.0,T,4
1645136815.4359965,3291,0,0,,42.33883991,-71.08469450166668,7.813,328265.93368388445,4689503.0635078065,19.0,T,4
1645136815.62679,3292,0,0,,42.33883869833333,-71.084696085,7.839,328265.7999471681,4689502.932159351,19.0,T,4
1645136815.8324952,3293,0,0,,42.338837465000005,-71.08469737833335,7.826,328265.69004223135,4689502.7978192605,19.0,T,4
1645136816.038698,3294,0,0,,42.338836083333334,-71.08469872666666,7.807,328265.5752024619,4689502.647118967,19.0,T,4
1645136816.23263,3295,0,0,,42.33883475166667,-71.08470015666667,7.818,328265.4537709459,4689502.502135741,19.0,T,4
1645136816.4375956,3296,0,0,,42.338833465,-71.08470159833334,7.811,328265.33150081005,4689502.362172986,19.0,T,4
1645136816.651891,3297,0,0,,42.338832366666665,-71.08470342166667,7.796,328265.17830093356,4689502.243894078,19.0,T,4
1645136816.837156,3298,0,0,,42.338831299999995,-71.08470492666667,7.799,328265.0514121876,4689502.128488568,19.0,T,4
1645136817.0425653,3299,0,0,,42.338829876666665,-71.08470636000001,7.807,328264.9294564919,4689501.973333198,19.0,T,4
1645136817.235212,3300,0,0,,42.33882854333333,-71.08470777833334,7.799,328264.8089815383,4689501.828141347,19.0,T,4
1645136817.4358766,3301,0,0,,42.33882733666667,-71.08470924333334,7.819,328264.6850069233,4689501.697109122,19.0,T,4
1645136817.650302,3302,0,0,,42.33882607,-71.08471096166666,7.812,328264.53999885794,4689501.559926021,19.0,T,4
1645136817.8435214,3303,0,0,,42.338824925000004,-71.08471269166667,7.786,328264.3943608919,4689501.4362766445,19.0,T,4
1645136818.043498,3304,0,0,,42.33882387166667,-71.08471432666667,7.806,328264.2567987591,4689501.322614279,19.0,T,4
1645136818.2341228,3305,0,0,,42.33882258499999,-71.084715695,7.8,328264.14056992315,4689501.182503427,19.0,T,4
1645136818.441789,3306,0,0,,42.33882120833334,-71.08471710833334,7.774,328264.0203888803,4689501.032489657,19.0,T,4
1645136818.6355076,3307,0,0,,42.338819769999986,-71.08471857166666,7.804,328263.8959208493,4689500.875729258,19.0,T,4
1645136818.8425274,3308,0,0,,42.338818469999985,-71.08472008999999,7.816,328263.7672984045,4689500.734440814,19.0,T,4
1645136819.0323265,3309,0,0,,42.338817343333325,-71.08472170666667,7.778,328263.63104694075,4689500.612598323,19.0,T,4
1645136819.2349787,3310,0,0,,42.33881619333334,-71.08472335833335,7.785,328263.4918485802,4689500.488235538,19.0,T,4
1645136819.438293,3311,0,0,,42.338814934999995,-71.08472469166666,7.792,328263.37858022435,4689500.351200211,19.0,T,4
1645136819.6398377,3312,0,0,,42.338813511666665,-71.08472610333332,7.773,328263.25840940635,4689500.196001106,19.0,T,4
1645136819.841769,3313,0,0,,42.33881208666667,-71.08472748999999,7.799,328263.14029359777,4689500.04056644,19.0,T,4
1645136820.0347173,3314,0,0,,42.33881086166666,-71.08472905,7.809,328263.00844271696,4689499.907690342,19.0,T,4
1645136820.232427,3315,0,0,,42.33880951333334,-71.08473052833334,7.797,328262.882983934,4689499.760954073,19.0,T,4
1645136820.4477575,3316,0,0,,42.33880836833333,-71.08473233833332,7.789,328262.7307553411,4689499.637466309,19.0,T,4
1645136820.6529,3317,0,0,,42.33880702833334,-71.08473377000001,7.798,328262.6091637246,4689499.491561143,19.0,T,4
1645136820.832362,3318,0,0,,42.338805658333335,-71.08473519500001,7.771,328262.48803964624,4689499.34231124,19.0,T,4
1645136821.0389307,3319,0,0,,42.338804166666655,-71.08473676333334,7.784,328262.35477624496,4689499.179840682,19.0,T,4
1645136821.2424507,3320,0,0,,42.33880264666667,-71.08473835666668,7.794,328262.2193761541,4689499.014274423,19.0,T,4
1645136821.43263,3321,0,0,,42.33880153666667,-71.08473998166667,7.757,328262.08248349,4689498.8942995,19.0,T,4
1645136821.6347096,3322,0,0,,42.338800385,-71.08474194666665,7.766,328261.91746750043,4689498.770384532,19.0,T,4
1645136821.8385162,3323,0,0,,42.338799150000014,-71.084743545,7.782,328261.7824313752,4689498.636475458,19.0,T,4
1645136822.0402277,3324,0,0,,42.33879771499999,-71.08474508333333,7.754,328261.6517936774,4689498.480236721,19.0,T,4
1645136822.2294915,3325,0,0,,42.338796211666676,-71.08474682500001,7.746,328261.5042189295,4689498.316820781,19.0,T,4
1645136822.4325874,3326,0,0,,42.33879479333333,-71.08474868166665,7.779,328261.347401652,4689498.163075716,19.0,T,4
1645136822.6469696,3327,0,0,,42.33879343666668,-71.08475052000001,7.762,328261.1922625886,4689498.016141242,19.0,T,4
1645136822.8433695,3328,0,0,,42.33879224333333,-71.08475243166667,7.751,328261.03152683633,4689497.887491807,19.0,T,4
1645136823.0341651,3329,0,0,,42.338791010000016,-71.084754065,7.753,328260.8936118446,4689497.753838512,19.0,T,4
1645136823.2369063,3330,0,0,,42.33878968166667,-71.08475553833333,7.766,328260.7686193383,4689497.609313026,19.0,T,4
1645136823.4377923,3331,0,0,,42.33878828833334,-71.084757095,7.746,328260.6365846986,4689497.457738105,19.0,T,4
1645136823.6270118,3332,0,0,,42.338786665,-71.08475887833332,7.746,328260.4852506269,4689497.281081255,19.0,T,4
1645136823.8348665,3333,0,0,,42.33878532666666,-71.084760375,7.729,328260.3583086317,4689497.13549248,19.0,T,4
1645136824.0377738,3334,0,0,,42.338784248333326,-71.08476229666667,7.714,328260.1970621073,4689497.019633136,19.0,T,4
1645136824.2303467,3335,0,0,,42.338783305,-71.08476414166665,7.714,328260.0424990655,4689496.918609667,19.0,T,4
1645136824.4380207,3336,0,0,,42.33878233000001,-71.08476595333332,7.743,328259.8905958778,4689496.8140025325,19.0,T,4
1645136824.6436005,3337,0,0,,42.33878126,-71.08476739,7.716,328259.76932731224,4689496.698088951,19.0,T,4
1645136824.8336098,3338,0,0,,42.33877983833333,-71.08476886666668,7.677,328259.6438060574,4689496.543206264,19.0,T,4
1645136825.0318484,3339,0,0,,42.338777966666676,-71.08477054833332,7.705,328259.50017137267,4689496.338768567,19.0,T,4
1645136825.2355967,3340,0,0,,42.33877621333333,-71.08477213833334,7.744,328259.36441052426,4689496.147285735,19.0,T,4
1645136825.4408114,3341,0,0,,42.3387749,-71.08477327666665,7.766,328259.2670567804,4689496.00374928,19.0,T,4
1645136825.6326585,3342,0,0,,42.338773804999995,-71.08477471500001,7.727,328259.1455828262,4689495.885063019,19.0,T,4
1645136825.835042,3343,0,0,,42.33877278,-71.08477628000001,7.725,328259.0138643804,4689495.774405567,19.0,T,4
1645136826.0335455,3344,0,0,,42.338771583333326,-71.08477769166667,7.76,328258.8943104889,4689495.644376137,19.0,T,4
1645136826.2392983,3345,0,0,,42.33877032666666,-71.08477903500001,7.74,328258.7802226838,4689495.50754615,19.0,T,4
1645136826.4356341,3346,0,0,,42.338768895,-71.08478026166668,7.722,328258.6752696793,4689495.351048104,19.0,T,4
1645136826.6489382,3347,0,0,,42.33876765666667,-71.08478187166666,7.726,328258.53926323,4689495.216792512,19.0,T,4
1645136826.832646,3348,0,0,,42.33876641166666,-71.08478327666666,7.716,328258.4201269457,4689495.081382576,19.0,T,4
1645136827.0367684,3349,0,0,,42.33876540666667,-71.08478480666665,7.708,328258.29134629923,4689494.9728752915,19.0,T,4
1645136827.238633,3350,0,0,,42.33876461333333,-71.08478619333334,7.737,328258.17494999745,4689494.887582473,19.0,T,4
1645136827.4349897,3351,0,0,,42.338763615000005,-71.084787405,7.743,328258.0724124486,4689494.779172502,19.0,T,4
1645136827.6267462,3352,0,0,,42.33876262333333,-71.08478867000001,7.721,328257.9654993375,4689494.671610537,19.0,T,4
1645136827.8248255,3353,0,0,,42.33876175166667,-71.08479005999999,7.737,328257.8486151628,4689494.577626137,19.0,T,4
1645136828.026824,3354,0,0,,42.33876115333334,-71.08479143333335,7.75,328257.7338481665,4689494.513959658,19.0,T,4
1645136828.2242122,3355,0,0,,42.33876088000001,-71.08479259166667,7.756,328257.6376781282,4689494.485947695,19.0,T,4
1645136828.4311008,3356,0,0,,42.338760783333335,-71.08479369333332,7.752,328257.54665737925,4689494.477438762,19.0,T,4
1645136828.632301,3357,0,0,,42.33876058666666,-71.08479477166667,7.785,328257.45728662633,4689494.45777846,19.0,T,4
1645136828.8291876,3358,0,0,,42.33876046499999,-71.08479571166664,7.786,328257.37951625104,4689494.4461669335,19.0,T,4
1645136829.0250194,3359,0,0,,42.33876038333332,-71.08479671499998,7.761,328257.29663723987,4689494.439125023,19.0,T,4
1645136829.2206402,3360,0,0,,42.338760504999996,-71.08479736333332,7.758,328257.2435574399,4689494.453944695,19.0,T,4
1645136829.4281073,3361,0,0,,42.33876058166667,-71.08479759833332,7.761,328257.22440637887,4689494.4629326025,19.0,T,4
1645136829.6311014,3362,0,0,,42.33876080499999,-71.08479772333334,7.769,328257.21471664717,4689494.487984545,19.0,T,4
1645136829.8260574,3363,0,0,,42.338761205000004,-71.08479821833333,7.749,328257.17502652726,4689494.533401307,19.0,T,4
1645136830.0263216,3364,0,0,,42.33876155666667,-71.08479906666668,7.729,328257.1060964904,4689494.574164691,19.0,T,4
1645136830.2206252,3365,0,0,,42.33876220166667,-71.08480029,7.721,328257.007071786,4689494.648257939,19.0,T,4
1645136830.4218647,3366,0,0,,42.338762715,-71.08480169333335,7.748,328256.892859846,4689494.708094179,19.0,T,4
1645136830.6348453,3367,0,0,,42.33876347499999,-71.08480282166668,7.757,328256.8019745272,4689494.79476542,19.0,T,4
1645136830.8309684,3368,0,0,,42.33876434166667,-71.08480379333332,7.75,328256.72428613715,4689494.892964745,19.0,T,4
1645136831.0312288,3369,0,0,,42.33876539500001,-71.084804735,7.744,328256.6495774125,4689495.011831387,19.0,T,4
1645136831.2318773,3370,0,0,,42.338766341666656,-71.08480585166666,7.757,328256.5601614312,4689495.119206977,19.0,T,4
1645136831.4296515,3371,0,0,,42.33876715666667,-71.08480711,7.751,328256.4587161947,4689495.212248133,19.0,T,4
1645136831.6300735,3372,0,0,,42.338767946666664,-71.08480877833333,7.72,328256.32342625444,4689495.30334136,19.0,T,4
1645136831.8255675,3373,0,0,,42.33876889333333,-71.08481045333333,7.752,328256.18801363406,4689495.411844695,19.0,T,4
1645136832.0241017,3374,0,0,,42.338770005,-71.084812025,7.764,328256.06156304345,4689495.538461311,19.0,T,4
1645136832.2346318,3375,0,0,,42.338771083333334,-71.084813315,7.755,328255.9582259883,4689495.660807596,19.0,T,4
1645136832.4324794,3376,0,0,,42.338772281666664,-71.08481451333334,7.759,328255.86276732385,4689495.796293814,19.0,T,4
1645136832.6256568,3377,0,0,,42.338773205,-71.08481615166669,7.801,328255.7303118687,4689495.90213211,19.0,T,4
1645136832.834775,3378,0,0,,42.338774226666665,-71.08481807833334,7.775,328255.5743706448,4689496.01947196,19.0,T,4
1645136833.0204096,3379,0,0,,42.338775420000005,-71.08482001666667,7.794,328255.41793566954,4689496.155897656,19.0,T,4
1645136833.2331038,3380,0,0,,42.338776573333334,-71.08482179666667,7.816,328255.2744356201,4689496.2875618525,19.0,T,4
1645136833.432159,3381,0,0,,42.33877781166666,-71.08482334666667,7.757,328255.1501148663,4689496.428200088,19.0,T,4
1645136833.6385658,3382,0,0,,42.33877919166667,-71.08482500499998,7.764,328255.0172550882,4689496.584788148,19.0,T,4
1645136833.8270154,3383,0,0,,42.33878023166667,-71.08482666500001,7.779,328254.8833323439,4689496.703625168,19.0,T,4
1645136834.0219412,3384,0,0,,42.33878139833334,-71.08482846166667,7.761,328254.73849558464,4689496.836803605,19.0,T,4
1645136834.2217672,3385,0,0,,42.33878267499999,-71.08483053500001,7.764,328254.5711659469,4689496.98275553,19.0,T,4
1645136834.4285414,3386,0,0,,42.338783846666665,-71.08483219833333,7.808,328254.43732708535,4689497.116219873,19.0,T,4
1645136834.6245315,3387,0,0,,42.33878522166667,-71.08483366166668,7.775,328254.32051821693,4689497.271858863,19.0,T,4
1645136834.8221297,3388,0,0,,42.338786556666676,-71.08483503000001,7.781,328254.21142674773,4689497.422864274,19.0,T,4
1645136835.024996,3389,0,0,,42.33878762333334,-71.08483660833335,7.803,328254.08430450293,4689497.544497484,19.0,T,4
1645136835.2185724,3390,0,0,,42.33878880666666,-71.08483840333334,7.778,328253.9396504577,4689497.679523277,19.0,T,4
1645136835.4176192,3391,0,0,,42.338790065,-71.08484031333334,7.771,328253.78572667274,4689497.823109537,19.0,T,4
1645136835.6287463,3392,0,0,,42.33879132333334,-71.08484207500001,7.798,328253.644022899,4689497.966396188,19.0,T,4
1645136835.8199742,3393,0,0,,42.33879257833334,-71.08484372666668,7.771,328253.5113720756,4689498.109090515,19.0,T,4
1645136836.0255065,3394,0,0,,42.33879375666667,-71.08484531,7.778,328253.38414196705,4689498.243133571,19.0,T,4
1645136836.220795,3395,0,0,,42.33879494833334,-71.08484704833333,7.783,328253.24417895067,4689498.378970274,19.0,T,4
1645136836.4276967,3396,0,0,,42.338796198333334,-71.08484908499999,7.756,328253.07979745674,4689498.521887047,19.0,T,4
1645136836.6297867,3397,0,0,,42.33879738000001,-71.08485116666667,7.778,328252.9115227327,4689498.657306823,19.0,T,4
1645136836.8261285,3398,0,0,,42.33879854499999,-71.08485297499999,7.776,328252.76572039165,4689498.790323796,19.0,T,4
1645136837.0285776,3399,0,0,,42.33879984166667,-71.08485456999999,7.767,328252.6378513554,4689498.937530448,19.0,T,4
1645136837.2281425,3400,0,0,,42.33880114499999,-71.08485604666667,7.773,328252.51974901673,4689499.085238363,19.0,T,4
1645136837.4256353,3401,0,0,,42.33880242833334,-71.08485752666668,7.792,328252.4013176216,4689499.230732171,19.0,T,4
1645136837.6342387,3402,0,0,,42.338803573333344,-71.08485939833335,7.778,328252.25024332275,4689499.3616562355,19.0,T,4
1645136837.8344176,3403,0,0,,42.33880477666667,-71.084861425,7.775,328252.0865586378,4689499.499370854,19.0,T,4
1645136838.0240974,3404,0,0,,42.338805996666665,-71.08486341833333,7.783,328251.9256654004,4689499.638868856,19.0,T,4
1645136838.2228875,3405,0,0,,42.338807419999995,-71.08486504999998,7.771,328251.79512058944,4689499.800214953,19.0,T,4
1645136838.432261,3406,0,0,,42.33880872666666,-71.08486663833334,7.777,328251.6678280345,4689499.948518582,19.0,T,4
1645136838.6297195,3407,0,0,,42.33881001166666,-71.084868305,7.766,328251.5340232374,4689500.094574518,19.0,T,4
1645136838.8284104,3408,0,0,,42.33881119833333,-71.08487009499999,7.769,328251.389790279,4689500.22996041,19.0,T,4
1645136839.0258672,3409,0,0,,42.33881242000001,-71.08487205666665,7.784,328251.231510376,4689500.369579539,19.0,T,4
1645136839.226237,3410,0,0,,42.33881371166667,-71.08487385166667,7.78,328251.0871513899,4689500.516634986,19.0,T,4
1645136839.4347744,3411,0,0,,42.338814995,-71.08487552999999,7.78,328250.9523809582,4689500.662529428,19.0,T,4
1645136839.6333845,3412,0,0,,42.338816411666656,-71.08487708833333,7.766,328250.8278593831,4689500.8229871355,19.0,T,4
1645136839.8317606,3413,0,0,,42.33881762666667,-71.08487876000001,7.77,328250.69345212705,4689500.961280225,19.0,T,4
1645136840.0345337,3414,0,0,,42.33881874666667,-71.08488061833333,7.772,328250.5434082598,4689501.089401335,19.0,T,4
1645136840.2269769,3415,0,0,,42.338819916666665,-71.08488264333333,7.742,328250.379770198,4689501.223411219,19.0,T,4
1645136840.4298663,3416,0,0,,42.33882115666666,-71.08488454500001,7.782,328250.2264831691,4689501.364944953,19.0,T,4
1645136840.6316864,3417,0,0,,42.338822385,-71.08488644333333,7.787,328250.0734389883,4689501.505176463,19.0,T,4
1645136840.8300128,3418,0,0,,42.338823565,-71.08488827166666,7.777,328249.9260299619,4689501.639899534,19.0,T,4
1645136841.0246832,3419,0,0,,42.33882472499999,-71.084890015,7.794,328249.7855689544,4689501.772230067,19.0,T,4
1645136841.224946,3420,0,0,,42.338825926666665,-71.08489198,7.773,328249.6269600581,4689501.909635119,19.0,T,4
1645136841.4270573,3421,0,0,,42.338827005,-71.08489415333334,7.748,328249.45085246046,4689502.033765762,19.0,T,4
1645136841.6294203,3422,0,0,,42.33882811666667,-71.08489616000001,7.782,328249.2885659569,4689502.16126117,19.0,T,4
1645136841.8245728,3423,0,0,,42.338829306666675,-71.08489800499999,7.771,328249.13981115306,4689502.297128349,19.0,T,4
1645136842.0334113,3424,0,0,,42.338830609999995,-71.08489968000002,7.764,328249.00536985125,4689502.445236945,19.0,T,4
1645136842.2280164,3425,0,0,,42.33883166333334,-71.08490145,7.782,328248.862421612,4689502.565776844,19.0,T,4
1645136842.4265225,3426,0,0,,42.33883278500001,-71.08490326666667,7.77,328248.71581493045,4689502.693998906,19.0,T,4
1645136842.6371176,3427,0,0,,42.33883382333334,-71.08490531,7.756,328248.55030812114,4689502.813425286,19.0,T,4
1645136842.832416,3428,0,0,,42.338835015,-71.08490712,7.777,328248.40444125165,4689502.949406854,19.0,T,4
1645136843.0323722,3429,0,0,,42.338836196666676,-71.08490877499999,7.772,328248.2713163647,4689503.083964913,19.0,T,4
1645136843.2371976,3430,0,0,,42.33883741999999,-71.08491032666666,7.761,328248.14681772876,4689503.222941012,19.0,T,4
1645136843.4257796,3431,0,0,,42.338838528333326,-71.08491176999999,7.776,328248.0309307069,4689503.348928415,19.0,T,4
1645136843.6348155,3432,0,0,,42.33883950333333,-71.08491343833332,7.789,328247.8961447267,4689503.460564655,19.0,T,4
1645136843.8277998,3433,0,0,,42.338840516666664,-71.08491530333335,7.757,328247.74526132934,4689503.5768547775,19.0,T,4
1645136844.0331936,3434,0,0,,42.338841551666675,-71.08491709999998,7.79,328247.60006636765,4689503.69541279,19.0,T,4
1645136844.235674,3435,0,0,,42.33884264666668,-71.08491877833333,7.769,328247.46478329983,4689503.820394324,19.0,T,4
1645136844.4415004,3436,0,0,,42.338843868333335,-71.08492006500002,7.77,328247.362111372,4689503.958650084,19.0,T,4
1645136844.6404948,3437,0,0,,42.338845021666664,-71.08492155166667,7.794,328247.24277701473,4689504.08972194,19.0,T,4
1645136844.84045,3438,0,0,,42.33884629166668,-71.08492313,7.791,328247.1162086221,4689504.233933903,19.0,T,4
1645136845.0313356,3439,0,0,,42.338847438333346,-71.08492478166666,7.76,328246.98326310096,4689504.3645987725,19.0,T,4
1645136845.236622,3440,0,0,,42.338848525,-71.08492677166667,7.768,328246.8222816577,4689504.4892845135,19.0,T,4
1645136845.4314582,3441,0,0,,42.33884973666666,-71.08492874000001,7.773,328246.6634255004,4689504.627806792,19.0,T,4
1645136845.6423206,3442,0,0,,42.338851096666666,-71.084930465,7.758,328246.5250194893,4689504.78230884,19.0,T,4
1645136845.8284447,3443,0,0,,42.33885246166667,-71.084932125,7.766,328246.39198192453,4689504.937234807,19.0,T,4
1645136846.0360298,3444,0,0,,42.33885363833333,-71.08493399166667,7.78,328246.24140598904,4689505.071665249,19.0,T,4
1645136846.2349553,3445,0,0,,42.33885489166668,-71.084935965,7.738,328246.08225139364,4689505.214824408,19.0,T,4
1645136846.440528,3446,0,0,,42.33885610666667,-71.08493807333333,7.769,328245.91187087144,4689505.353999639,19.0,T,4
1645136846.6499329,3447,0,0,,42.33885737333333,-71.08494002500001,7.772,328245.7545375326,4689505.498595605,19.0,T,4
1645136846.8353348,3448,0,0,,42.33885881166666,-71.08494181166668,7.744,328245.61126461654,4689505.661920556,19.0,T,4
1645136847.0288157,3449,0,0,,42.33886033333333,-71.08494361666666,7.751,328245.46670826623,4689505.834536074,19.0,T,4
1645136847.247423,3450,0,0,,42.33886170666667,-71.08494544166666,7.767,328245.3201004135,4689505.990720709,19.0,T,4
1645136847.4377768,3451,0,0,,42.33886292166667,-71.08494750833333,7.767,328245.15315250587,4689506.1298117945,19.0,T,4
1645136847.6466389,3452,0,0,,42.33886407500001,-71.08494958,7.76,328244.98562479403,4689506.262065372,19.0,T,4
1645136847.825499,3453,0,0,,42.33886529,-71.08495153000001,7.798,328244.8282881243,4689506.400920803,19.0,T,4
1645136848.033073,3454,0,0,,42.33886666333333,-71.08495341666666,7.76,328244.67660008214,4689506.557230017,19.0,T,4
1645136848.2334065,3455,0,0,,42.33886801333333,-71.08495502833331,7.766,328244.54750354565,4689506.710392752,19.0,T,4
1645136848.4391334,3456,0,0,,42.33886902666667,-71.08495694333334,7.795,328244.39250117785,4689506.8267839495,19.0,T,4
1645136848.6418235,3457,0,0,,42.33887013,-71.08495894666666,7.757,328244.23046679597,4689506.953347394,19.0,T,4
1645136848.8332644,3458,0,0,,42.338871215,-71.08496090833333,7.803,328244.07181508106,4689507.077790899,19.0,T,4
1645136849.0406795,3459,0,0,,42.33887218333332,-71.08496286666667,7.794,328243.91312032583,4689507.189272731,19.0,T,4
1645136849.231847,3460,0,0,,42.338873435000004,-71.0849647,7.773,328243.76549475733,4689507.331964078,19.0,T,4
1645136849.433977,3461,0,0,,42.33887458666667,-71.08496636833333,7.774,328243.631189936,4689507.463217893,19.0,T,4
1645136849.6303887,3462,0,0,,42.338875843333334,-71.08496844166667,7.79,328243.4638063311,4689507.606949252,19.0,T,4
1645136849.8329258,3463,0,0,,42.33887696833334,-71.08497029499999,7.758,328243.3141882633,4689507.735615642,19.0,T,4
1645136850.0315363,3464,0,0,,42.33887825333333,-71.08497238833333,7.778,328243.1452341763,4689507.882533611,19.0,T,4
1645136850.228477,3465,0,0,,42.33887954166667,-71.08497409333333,7.787,328243.00828081614,4689508.029037297,19.0,T,4
1645136850.4249775,3466,0,0,,42.33888083166667,-71.08497578500001,7.775,328242.87243042607,4689508.175699121,19.0,T,4
1645136850.632284,3467,0,0,,42.33888214833334,-71.08497728833333,7.782,328242.7521679058,4689508.324941649,19.0,T,4
1645136850.8270383,3468,0,0,,42.338883406666675,-71.08497903333333,7.791,328242.61183760595,4689508.4681948675,19.0,T,4
1645136851.0196295,3469,0,0,,42.33888460833334,-71.08498091166668,7.768,328242.4603687648,4689508.605425025,19.0,T,4
1645136851.2256176,3470,0,0,,42.33888580833333,-71.08498297333335,7.755,328242.29379204346,4689508.7428404465,19.0,T,4
1645136851.4257236,3471,0,0,,42.338887035000006,-71.08498498666665,7.753,328242.13126973185,4689508.883119371,19.0,T,4
1645136851.6312437,3472,0,0,,42.338888275,-71.08498678333335,7.739,328241.986633137,4689509.024441196,19.0,T,4
1645136851.829119,3473,0,0,,42.338889641666675,-71.084988475,7.746,328241.85099153314,4689509.179616291,19.0,T,4
1645136852.0254414,3474,0,0,,42.33889091833333,-71.084990525,7.779,328241.68558470806,4689509.32552141,19.0,T,4
1645136852.2232938,3475,0,0,,42.338892198333326,-71.08499241,7.736,328241.53377997637,4689509.471463375,19.0,T,4
1645136852.4271166,3476,0,0,,42.33889347166667,-71.08499444833333,7.756,328241.3693252081,4689509.616974796,19.0,T,4
1645136852.634353,3477,0,0,,42.33889487333333,-71.08499660333332,7.751,328241.1956086509,4689509.776972326,19.0,T,4
1645136852.8220682,3478,0,0,,42.338896375,-71.08499850166667,7.723,328241.0433090618,4689509.94755563,19.0,T,4
1645136853.0338757,3479,0,0,,42.338897839999994,-71.08500016166667,7.76,328240.910543997,4689510.113585945,19.0,T,4
1645136853.2318983,3480,0,0,,42.33889910999999,-71.08500203666668,7.776,328240.7595358895,4689510.2583973035,19.0,T,4
1645136853.431562,3481,0,0,,42.338900455,-71.08500413499999,7.749,328240.5903333785,4689510.411987983,19.0,T,4
1645136853.6317537,3482,0,0,,42.33890194166668,-71.08500616333333,7.754,328240.4272833335,4689510.581168268,19.0,T,4
1645136853.8254938,3483,0,0,,42.33890350833334,-71.08500814333334,7.76,328240.26843291067,4689510.759134314,19.0,T,4
1645136854.0308626,3484,0,0,,42.33890503166667,-71.08500995666668,7.725,328240.12319481897,4689510.931951853,19.0,T,4
1645136854.2284684,3485,0,0,,42.33890639666667,-71.08501175333333,7.747,328239.9788986611,4689511.087154021,19.0,T,4
1645136854.4268723,3486,0,0,,42.33890775333333,-71.085013895,7.756,328239.8061580686,4689511.242127747,19.0,T,4
1645136854.637649,3487,0,0,,42.338909091666665,-71.08501612166665,7.721,328239.62636511144,4689511.395237405,19.0,T,4
1645136854.830037,3488,0,0,,42.33891041333332,-71.08501856333335,7.761,328239.4288146759,4689511.546930667,19.0,T,4
1645136855.03687,3489,0,0,,42.33891173833334,-71.08502048833333,7.778,328239.2738372934,4689511.697950395,19.0,T,4
1645136855.22611,3490,0,0,,42.338913155,-71.085022415,7.744,328239.11897220346,4689511.859152374,19.0,T,4
1645136855.4360812,3491,0,0,,42.33891429166667,-71.08502459333333,7.743,328238.94261196564,4689511.989770869,19.0,T,4
1645136855.645093,3492,0,0,,42.33891558166667,-71.08502675333335,7.748,328238.7681795639,4689512.13737883,19.0,T,4
1645136855.8354406,3493,0,0,,42.338916796666666,-71.08502886,7.746,328238.59793666087,4689512.276550884,19.0,T,4
1645136856.032002,3494,0,0,,42.33891824333333,-71.08503101,7.763,328238.4247546686,4689512.441535296,19.0,T,4
1645136856.2337425,3495,0,0,,42.33891949000001,-71.08503274666668,7.757,328238.28507928853,4689512.583476284,19.0,T,4
1645136856.437275,3496,0,0,,42.33892079000001,-71.08503435333334,7.742,328238.15625877335,4689512.731076927,19.0,T,4
1645136856.6404657,3497,0,0,,42.338922055000005,-71.08503598166666,7.765,328238.0255580259,4689512.874834855,19.0,T,4
1645136856.8312852,3498,0,0,,42.33892343666666,-71.08503746833334,7.759,328237.9068457073,4689513.031261558,19.0,T,4
1645136857.041437,3499,0,0,,42.338924725,-71.08503870166666,7.767,328237.80874933314,4689513.176812558,19.0,T,4
1645136857.233409,3500,0,0,,42.33892594166667,-71.08503994333334,7.77,328237.70977130963,4689513.314422362,19.0,T,4
1645136857.4328923,3501,0,0,,42.338926889999996,-71.08504107833335,7.76,328237.61885006295,4689513.422020316,19.0,T,4
1645136857.636562,3502,0,0,,42.33892771666667,-71.08504207666665,7.786,328237.5388563967,4689513.515832043,19.0,T,4
1645136857.8329532,3503,0,0,,42.338928626666664,-71.08504342833334,7.773,328237.42998137826,4689513.6196110565,19.0,T,4
1645136858.0361793,3504,0,0,,42.338929209999996,-71.08504491833332,7.734,328237.30882074917,4689513.687395668,19.0,T,4
1645136858.2332485,3505,0,0,,42.338930056666676,-71.08504671333334,7.732,328237.1632506718,4689513.785037563,19.0,T,4
1645136858.4306035,3506,0,0,,42.338931078333324,-71.08504864166667,7.742,328237.0071728544,4689513.902381218,19.0,T,4
1645136858.636458,3507,0,0,,42.33893192833334,-71.08505027000001,7.752,328236.8753421685,4689514.0000565825,19.0,T,4
1645136858.83172,3508,0,0,,42.338933098333335,-71.08505165166667,7.725,328236.7647036556,4689514.132767228,19.0,T,4
1645136859.0356576,3509,0,0,,42.338934088333325,-71.08505330000001,7.765,328236.6316065403,4689514.24602893,19.0,T,4
1645136859.2353497,3510,0,0,,42.33893513666667,-71.085055155,7.747,328236.4816426844,4689514.366185593,19.0,T,4
1645136859.4358296,3511,0,0,,42.338936104999995,-71.08505718833334,7.734,328236.3167695768,4689514.47781911,19.0,T,4
1645136859.642633,3512,0,0,,42.338937226666665,-71.08505922166667,7.761,328236.1523139812,4689514.606479134,19.0,T,4
1645136859.8352654,3513,0,0,,42.33893855666667,-71.08506116666666,7.726,328235.99570271454,4689514.75809455,19.0,T,4
1645136860.0341232,3514,0,0,,42.338940023333336,-71.08506290499999,7.692,328235.85648915765,4689514.924468278,19.0,T,4
1645136860.2357466,3515,0,0,,42.3389413,-71.08506450833333,7.74,328235.72787980974,4689515.069471247,19.0,T,4
1645136860.4359875,3516,0,0,,42.33894259,-71.08506637,7.734,328235.57802480034,4689515.216476637,19.0,T,4
1645136860.647041,3517,0,0,,42.33894367,-71.08506820333334,7.735,328235.42993214785,4689515.340105895,19.0,T,4
1645136860.8305798,3518,0,0,,42.338944903333335,-71.08507017833334,7.732,328235.2705862471,4689515.481047832,19.0,T,4
1645136861.0291376,3519,0,0,,42.33894614333333,-71.08507193499999,7.742,328235.1292452046,4689515.622289006,19.0,T,4
1645136861.2272286,3520,0,0,,42.338947315,-71.08507376,7.716,328234.98208867875,4689515.756080325,19.0,T,4
1645136861.427538,3521,0,0,,42.33894845833333,-71.08507540333333,7.729,328234.8498210431,4689515.88635846,19.0,T,4
1645136861.6369872,3522,0,0,,42.33894962666667,-71.08507691833333,7.752,328234.7281938148,4689516.019153418,19.0,T,4
1645136861.8315032,3523,0,0,,42.33895084000001,-71.08507834666666,7.726,328234.6138288816,4689516.156770208,19.0,T,4
1645136862.0281992,3524,0,0,,42.33895214000001,-71.08507927166666,7.738,328234.54116544843,4689516.302993893,19.0,T,4
1645136862.2285826,3525,0,0,,42.33895337166667,-71.08507953166666,7.761,328234.5230998624,4689516.440286317,19.0,T,4
1645136862.4294763,3526,0,0,,42.33895424833332,-71.08507928666667,7.776,328234.54567046673,4689516.537138549,19.0,T,4
1645136862.636114,3527,0,0,,42.33895540166667,-71.08507877166667,7.786,328234.5912374915,4689516.664167082,19.0,T,4
1645136862.8250442,3528,0,0,,42.338956495,-71.08507849499999,7.794,328234.6170068121,4689516.785014528,19.0,T,4
1645136863.0245297,3529,0,0,,42.338957779999994,-71.08507785499998,7.766,328234.67323007504,4689516.9264111295,19.0,T,4
1645136863.2325716,3530,0,0,,42.33895900000001,-71.08507718999998,7.792,328234.7313358917,4689517.060539477,19.0,T,4
1645136863.4336772,3531,0,0,,42.33896012833333,-71.08507640333335,7.783,328234.799215227,4689517.1842431575,19.0,T,4
1645136863.6421328,3532,0,0,,42.338961148333325,-71.08507523333333,7.74,328234.8983792765,4689517.295142882,19.0,T,4
1645136863.8314865,3533,0,0,,42.33896204999999,-71.08507370166666,7.77,328235.02701586846,4689517.392171992,19.0,T,4
1645136864.0265033,3534,0,0,,42.33896321833334,-71.08507235166665,7.791,328235.1414125274,4689517.519179392,19.0,T,4
1645136864.223471,3535,0,0,,42.33896454833332,-71.08507090833334,7.755,328235.26393834525,4689517.663950101,19.0,T,4
1645136864.4307199,3536,0,0,,42.33896613499999,-71.08506948,7.754,328235.38592730754,4689517.837251993,19.0,T,4
1645136864.6420426,3537,0,0,,42.338967464999996,-71.08506781333334,7.769,328235.52685171616,4689517.981571556,19.0,T,4
1645136864.8251598,3538,0,0,,42.33896864500001,-71.08506622666668,7.735,328235.660777149,4689518.109396372,19.0,T,4
1645136865.024181,3539,0,0,,42.33896974500001,-71.08506445333335,7.728,328235.8098626812,4689518.227960715,19.0,T,4
1645136865.2254455,3540,0,0,,42.33897105833333,-71.08506287833335,7.745,328235.9431900305,4689518.370614752,19.0,T,4
1645136865.4359617,3541,0,0,,42.33897240333334,-71.08506133666667,7.72,328236.07385754306,4689518.516852473,19.0,T,4
1645136865.6446419,3542,0,0,,42.33897398666666,-71.08505956166668,7.745,328236.22439641063,4689518.689083942,19.0,T,4
1645136865.839067,3543,0,0,,42.33897547833334,-71.08505793833334,7.749,328236.36219110584,4689518.85144291,19.0,T,4
1645136866.0343366,3544,0,0,,42.33897685333333,-71.08505617666667,7.719,328236.5110642757,4689519.000567491,19.0,T,4
1645136866.2330825,3545,0,0,,42.338978151666666,-71.08505425666667,7.724,328236.6727724691,4689519.140858983,19.0,T,4
1645136866.436557,3546,0,0,,42.33897938666667,-71.08505261,7.747,328236.8117905224,4689519.274669944,19.0,T,4
1645136866.648751,3547,0,0,,42.338980716666676,-71.08505090166668,7.741,328236.9561474498,4689519.418905365,19.0,T,4
1645136866.8341095,3548,0,0,,42.338982086666654,-71.08504939833333,7.744,328237.0837250225,4689519.567996595,19.0,T,4
1645136867.0370638,3549,0,0,,42.33898327000001,-71.08504772666666,7.745,328237.2246619238,4689519.696019875,19.0,T,4
1645136867.2337732,3550,0,0,,42.338984421666666,-71.08504609666669,7.725,328237.36208002083,4689519.820610983,19.0,T,4
1645136867.4351106,3551,0,0,,42.33898537499999,-71.08504454833333,7.743,328237.49223024223,4689519.923343658,19.0,T,4
1645136867.6338189,3552,0,0,,42.33898644666666,-71.08504271499999,7.758,328237.64618146606,4689520.038640635,19.0,T,4
1645136867.8352673,3553,0,0,,42.338987691666674,-71.08504133333332,7.752,328237.763395543,4689520.174097356,19.0,T,4
1645136868.0329726,3554,0,0,,42.33898921,-71.08503975,7.749,328237.8979675123,4689520.339498283,19.0,T,4
1645136868.2352111,3555,0,0,,42.33899060000001,-71.08503796,7.756,328238.0492156103,4689520.490231298,19.0,T,4
1645136868.433893,3556,0,0,,42.33899172833333,-71.08503622833334,7.762,328238.1949456275,4689520.612026059,19.0,T,4
1645136868.6474655,3557,0,0,,42.338992788333336,-71.08503447333332,7.759,328238.34241181926,4689520.726185795,19.0,T,4
1645136868.8376274,3558,0,0,,42.33899392,-71.085033025,7.778,328238.4648093999,4689520.848923052,19.0,T,4
1645136869.0280051,3559,0,0,,42.338995215000004,-71.08503164833333,7.745,328238.5817476837,4689520.989942005,19.0,T,4
1645136869.226809,3560,0,0,,42.33899682500001,-71.08503012166666,7.744,328238.71190091094,4689521.165636302,19.0,T,4
1645136869.4276981,3561,0,0,,42.33899837166667,-71.08502845333335,7.765,328238.85355243285,4689521.334011744,19.0,T,4
1645136869.6349776,3562,0,0,,42.33899977166667,-71.085026615,7.743,328239.0088095047,4689521.485757566,19.0,T,4
1645136869.8263142,3563,0,0,,42.339001088333326,-71.08502469666666,7.747,328239.17043020955,4689521.628088254,19.0,T,4
1645136870.0326188,3564,0,0,,42.33900239,-71.08502310499999,7.792,328239.3050986909,4689521.769413191,19.0,T,4
1645136870.2267146,3565,0,0,,42.33900379833334,-71.08502161333332,7.766,328239.43181942543,4689521.922784655,19.0,T,4
1645136870.4275875,3566,0,0,,42.33900534166667,-71.08502007,7.765,328239.56316412345,4689522.091042475,19.0,T,4
1645136870.6560583,3567,0,0,,42.33900680333333,-71.08501824833334,7.794,328239.71721603896,4689522.249669592,19.0,T,4
1645136870.8322515,3568,0,0,,42.33900810166666,-71.08501611,7.766,328239.8969107761,4689522.389520112,19.0,T,4
1645136871.0365915,3569,0,0,,42.339009358333335,-71.08501411666667,7.753,328240.0645467028,4689522.525036777,19.0,T,4
1645136871.2353396,3570,0,0,,42.33901073333334,-71.08501233833333,7.775,328240.2147927468,4689522.674127766,19.0,T,4
1645136871.4298139,3571,0,0,,42.339012096666664,-71.085010825,7.74,328240.3431758584,4689522.822458571,19.0,T,4
1645136871.650991,3572,0,0,,42.33901371333334,-71.085009115,7.75,328240.488450479,4689522.998522844,19.0,T,4
1645136871.8323958,3573,0,0,,42.33901516999999,-71.085007365,7.764,328240.6365847174,4689523.156739535,19.0,T,4
1645136872.0289888,3574,0,0,,42.33901646333334,-71.08500549666667,7.73,328240.794022731,4689523.296580275,19.0,T,4
1645136872.2296913,3575,0,0,,42.33901779833334,-71.08500347666666,7.74,328240.96406874957,4689523.440741411,19.0,T,4
1645136872.42785,3576,0,0,,42.33901926,-71.08500204333333,7.758,328241.0861290335,4689523.600152999,19.0,T,4
1645136872.640604,3577,0,0,,42.33902088166666,-71.08500044833333,7.719,328241.2219433374,4689523.777004799,19.0,T,4
1645136872.8337405,3578,0,0,,42.33902261500001,-71.084998815,7.731,328241.3612196414,4689523.966178903,19.0,T,4
1645136873.0307438,3579,0,0,,42.33902403166666,-71.08499713500001,7.757,328241.50347820966,4689524.120095317,19.0,T,4
1645136873.2324803,3580,0,0,,42.339025355,-71.08499533666668,7.73,328241.65523114457,4689524.263408747,19.0,T,4
1645136873.4323308,3581,0,0,,42.33902666333333,-71.08499348333334,7.746,328241.8114742311,4689524.404945441,19.0,T,4
1645136873.645199,3582,0,0,,42.33902815833334,-71.08499190833334,7.773,328241.94529598404,4689524.567772289,19.0,T,4
1645136873.828152,3583,0,0,,42.33902960333334,-71.08499032666667,7.737,328242.0795308,4689524.725033551,19.0,T,4
1645136874.03156,3584,0,0,,42.339031221666666,-71.08498845000001,7.74,328242.2385401644,4689524.9009462595,19.0,T,4
1645136874.2382336,3585,0,0,,42.339032644999996,-71.08498652333333,7.757,328242.4011376671,4689525.055104708,19.0,T,4
1645136874.4310148,3586,0,0,,42.339034055,-71.08498472333333,7.74,328242.55326384347,4689525.208038461,19.0,T,4
1645136874.6567264,3587,0,0,,42.33903529833333,-71.08498326166666,7.736,328242.6770637399,4689525.343148587,19.0,T,4
1645136874.8439918,3588,0,0,,42.33903678500001,-71.08498158166667,7.757,328242.8195128456,4689525.504837998,19.0,T,4
1645136875.0415113,3589,0,0,,42.33903810666667,-71.08497998833332,7.762,328242.954372939,4689525.648380482,19.0,T,4
1645136875.239988,3590,0,0,,42.33903935333333,-71.084978185,7.796,328243.1063289788,4689525.78317059,19.0,T,4
1645136875.4370885,3591,0,0,,42.339040616666665,-71.08497627499999,7.781,328243.26711777365,4689525.919595942,19.0,T,4
1645136875.6334383,3592,0,0,,42.33904190833334,-71.08497446999999,7.788,328243.4193336278,4689526.0593796,19.0,T,4
1645136875.8432813,3593,0,0,,42.33904325666667,-71.08497284833335,7.817,328243.5566004524,4689526.205825992,19.0,T,4
1645136876.0396268,3594,0,0,,42.33904474,-71.08497140833332,7.791,328243.6792688405,4689526.367630073,19.0,T,4
1645136876.2369146,3595,0,0,,42.339046360000005,-71.08496985166666,7.781,328243.8119205248,4689526.544374285,19.0,T,4
1645136876.4345305,3596,0,0,,42.33904784666667,-71.08496821166666,7.801,328243.95107431087,4689526.7061445145,19.0,T,4
1645136876.6566982,3597,0,0,,42.339049118333335,-71.08496665999999,7.772,328244.08236565144,4689526.844219067,19.0,T,4
1645136876.8360894,3598,0,0,,42.33905034666667,-71.08496480999999,7.783,328244.2381162046,4689526.976879155,19.0,T,4
1645136877.0435534,3599,0,0,,42.33905177500001,-71.08496305833333,7.803,328244.3863104356,4689527.131946357,19.0,T,4
1645136877.244353,3600,0,0,,42.33905326166666,-71.08496152833334,7.784,328244.5164022106,4689527.293938795,19.0,T,4
1645136877.4417856,3601,0,0,,42.33905483666667,-71.08495985833332,7.8,328244.6582679275,4689527.465457182,19.0,T,4
1645136877.6431706,3602,0,0,,42.339056303333344,-71.08495812833334,7.804,328244.80478157324,4689527.624824784,19.0,T,4
1645136877.842786,3603,0,0,,42.339057661666665,-71.08495644999999,7.788,328244.94674386195,4689527.77226716,19.0,T,4
1645136878.036634,3604,0,0,,42.33905900999999,-71.084954245,7.795,328245.1320666007,4689527.917535261,19.0,T,4
1645136878.2437074,3605,0,0,,42.33906048000001,-71.08495261,7.809,328245.27076304436,4689528.077464912,19.0,T,4
1645136878.4390006,3606,0,0,,42.339061998333335,-71.08495108333332,7.78,328245.40066640126,4689528.24298044,19.0,T,4
1645136878.6471636,3607,0,0,,42.339063708333335,-71.08494920500002,7.784,328245.5600624885,4689528.429068739,19.0,T,4
1645136878.8460426,3608,0,0,,42.339065250000004,-71.08494752,7.796,328245.70307312405,4689528.596855436,19.0,T,4
1645136879.0409222,3609,0,0,,42.339066554999995,-71.08494571333334,7.779,328245.8554624782,4689528.73811634,19.0,T,4
1645136879.2373598,3610,0,0,,42.339067854999996,-71.08494387666666,7.804,328246.01030966337,4689528.878761438,19.0,T,4
1645136879.4298317,3611,0,0,,42.339069241666664,-71.08494223666666,7.814,328246.14919108327,4689529.02942747,19.0,T,4
1645136879.6400836,3612,0,0,,42.33907066833334,-71.08494064833333,7.799,328246.2839250205,4689529.1846395675,19.0,T,4
1645136879.8376458,3613,0,0,,42.33907229166667,-71.08493883833334,7.818,328246.43745568313,4689529.361242241,19.0,T,4
1645136880.0419145,3614,0,0,,42.33907378166667,-71.08493714333333,7.82,328246.5811494248,4689529.523271564,19.0,T,4
1645136880.242703,3615,0,0,,42.33907512333334,-71.08493540166668,7.787,328246.72828376613,4689529.668735338,19.0,T,4
1645136880.438759,3616,0,0,,42.33907659666667,-71.08493351166666,7.801,328246.8879965355,4689529.82852007,19.0,T,4
1645136880.6620293,3617,0,0,,42.339078165,-71.08493174166667,7.819,328247.0380821568,4689529.999096224,19.0,T,4
1645136880.8476853,3618,0,0,,42.33907977166667,-71.08493007999999,7.781,328247.1793474649,4689530.174147836,19.0,T,4
1645136881.0479805,3619,0,0,,42.33908139,-71.08492832499999,7.8,328247.3283334817,4689530.350306414,19.0,T,4
1645136881.244553,3620,0,0,,42.33908275666666,-71.08492632666666,7.803,328247.49668047996,4689530.498027812,19.0,T,4
1645136881.4398692,3621,0,0,,42.33908415833333,-71.08492427666667,7.766,328247.66937914956,4689530.64953133,19.0,T,4
1645136881.651439,3622,0,0,,42.33908544666667,-71.08492241666666,7.798,328247.82611673325,4689530.788833841,19.0,T,4
1645136881.8378787,3623,0,0,,42.33908686333332,-71.08492073166667,7.8,328247.9687869288,4689530.94274028,19.0,T,4
1645136882.0401444,3624,0,0,,42.33908831666666,-71.08491916500002,7.783,328248.10180846107,4689531.100957304,19.0,T,4
1645136882.2339137,3625,0,0,,42.339089775,-71.08491758166666,7.794,328248.2362166281,4689531.259695878,19.0,T,4
1645136882.4334278,3626,0,0,,42.339091093333344,-71.08491600333333,7.795,328248.36983170325,4689531.402898621,19.0,T,4
1645136882.6537743,3627,0,0,,42.339092225,-71.08491430666666,7.779,328248.512687037,4689531.525134426,19.0,T,4
1645136882.846206,3628,0,0,,42.339093340000005,-71.08491268833335,7.82,328248.6490437549,4689531.645677757,19.0,T,4
1645136883.0470061,3629,0,0,,42.33909463500001,-71.08491104833332,7.818,328248.78767549124,4689531.786164955,19.0,T,4
1645136883.244875,3630,0,0,,42.339095959999995,-71.08490964333333,7.801,328248.90702921443,4689531.930458109,19.0,T,4
1645136883.4392042,3631,0,0,,42.33909742166667,-71.08490811166666,7.811,328249.037190038,4689532.089671201,19.0,T,4
1645136883.6400414,3632,0,0,,42.33909876666667,-71.08490668499999,7.83,328249.15838314034,4689532.236141441,19.0,T,4
1645136883.8404362,3633,0,0,,42.33909985833334,-71.08490505999998,7.808,328249.29522552236,4689532.354080331,19.0,T,4
1645136884.0401368,3634,0,0,,42.33910079666666,-71.08490331,7.809,328249.44194812095,4689532.45474023,19.0,T,4
1645136884.23493,3635,0,0,,42.33910196833334,-71.08490178333332,7.821,328249.57090744516,4689532.581761141,19.0,T,4
1645136884.435173,3636,0,0,,42.33910316,-71.08490028666667,7.798,328249.6974497684,4689532.711063498,19.0,T,4
1645136884.6436763,3637,0,0,,42.339104796666675,-71.08489876000002,7.789,328249.8276751159,4689532.889719121,19.0,T,4
1645136884.8442612,3638,0,0,,42.33910629833334,-71.08489707666666,7.805,328249.97043935384,4689533.053067571,19.0,T,4
1645136885.0413864,3639,0,0,,42.33910771666667,-71.08489514333334,7.787,328250.1335720959,4689533.206657509,19.0,T,4
1645136885.2346501,3640,0,0,,42.339109106666676,-71.08489318333332,7.785,328250.2988245379,4689533.35704739,19.0,T,4
1645136885.436921,3641,0,0,,42.33911056499999,-71.08489137999999,7.824,328250.45135656616,4689533.51534162,19.0,T,4
1645136885.6481209,3642,0,0,,42.339112166666666,-71.084889705,7.806,328250.5937065262,4689533.689811153,19.0,T,4
1645136885.8435175,3643,0,0,,42.339113761666674,-71.08488792666668,7.786,328250.7445510931,4689533.863331681,19.0,T,4
1645136886.0421724,3644,0,0,,42.339115355,-71.084886275,7.814,328250.8849561148,4689534.036922997,19.0,T,4
1645136886.2359467,3645,0,0,,42.339116755000006,-71.08488459333333,7.806,328251.027306202,4689534.188985524,19.0,T,4
1645136886.44509,3646,0,0,,42.339118258333336,-71.08488260666667,7.788,328251.19506400754,4689534.351906363,19.0,T,4
1645136886.6608107,3647,0,0,,42.339119835,-71.08488086,7.806,328251.3432498822,4689534.523455089,19.0,T,4
1645136886.8505602,3648,0,0,,42.339121478333325,-71.08487922833332,7.795,328251.48214337707,4689534.7026389325,19.0,T,4
1645136887.0442023,3649,0,0,,42.339123085,-71.08487746833332,7.792,328251.6315093386,4689534.877492006,19.0,T,4
1645136887.2474523,3650,0,0,,42.339124534999996,-71.08487572,7.825,328251.7794876261,4689535.0349720055,19.0,T,4
1645136887.4484947,3651,0,0,,42.339125878333334,-71.08487411499999,7.808,328251.9153674691,4689535.180897007,19.0,T,4
1645136887.6481125,3652,0,0,,42.33912723333332,-71.08487208833334,7.805,328252.08601663914,4689535.327265783,19.0,T,4
1645136887.8442717,3653,0,0,,42.339128716666664,-71.08487045,7.816,328252.22502368974,4689535.4886693945,19.0,T,4
1645136888.0440438,3654,0,0,,42.339130280000006,-71.08486888333333,7.797,328252.3583445294,4689535.659101158,19.0,T,4
1645136888.2434113,3655,0,0,,42.33913188166666,-71.08486747499998,7.812,328252.47872598405,4689535.834109363,19.0,T,4
1645136888.4430869,3656,0,0,,42.33913339666666,-71.084865575,7.831,328252.6393757416,4689535.998500786,19.0,T,4
1645136888.6578367,3657,0,0,,42.33913483833333,-71.084863855,7.788,328252.7849971536,4689536.155112683,19.0,T,4
1645136888.847722,3658,0,0,,42.33913618166666,-71.08486199500001,7.797,328252.9418842544,4689536.300522632,19.0,T,4
1645136889.0485046,3659,0,0,,42.339137683333334,-71.08486025,7.835,328253.0897285514,4689536.463746583,19.0,T,4
1645136889.2477684,3660,0,0,,42.33913912833333,-71.08485855333333,7.809,328253.23343678017,4689536.62077576,19.0,T,4
1645136889.4457474,3661,0,0,,42.339140788333324,-71.08485680833334,7.784,328253.3817121426,4689536.801581427,19.0,T,4
1645136889.6497304,3662,0,0,,42.339142241666664,-71.08485488833334,7.813,328253.54384159844,4689536.959084858,19.0,T,4
1645136889.848197,3663,0,0,,42.33914364499999,-71.08485295,7.8,328253.7073452455,4689537.110999142,19.0,T,4
1645136890.049522,3664,0,0,,42.33914494000001,-71.08485095833333,7.8,328253.8749476201,4689537.250776114,19.0,T,4
1645136890.2489188,3665,0,0,,42.33914632166667,-71.08484919499999,7.811,328254.023975493,4689537.400637965,19.0,T,4
1645136890.448391,3666,0,0,,42.33914772500001,-71.08484765333333,7.788,328254.154801101,4689537.553353475,19.0,T,4
1645136890.6564732,3667,0,0,,42.339149446666674,-71.08484587833333,7.79,328254.3057157571,4689537.740946177,19.0,T,4
1645136890.8425317,3668,0,0,,42.339150739999994,-71.08484421166666,7.813,328254.4465395645,4689537.881194547,19.0,T,4
1645136891.0415049,3669,0,0,,42.33915202333333,-71.08484237333334,7.783,328254.6014783057,4689538.019985751,19.0,T,4
1645136891.2449262,3670,0,0,,42.339153175,-71.08484035500001,7.784,328254.7708872474,4689538.143792805,19.0,T,4
1645136891.4442668,3671,0,0,,42.339154495,-71.08483844833333,7.796,328254.9315552097,4689538.2865175465,19.0,T,4
1645136891.644139,3672,0,0,,42.339156114999994,-71.08483684999999,7.757,328255.0676389638,4689538.463177796,19.0,T,4
1645136891.8435774,3673,0,0,,42.33915770666667,-71.084835135,7.761,328255.2132567477,4689538.636456202,19.0,T,4
1645136892.0463073,3674,0,0,,42.339159136666666,-71.08483316333333,7.788,328255.37957897567,4689538.791264324,19.0,T,4
1645136892.2416928,3675,0,0,,42.339160498333335,-71.08483118833333,7.762,328255.54598975845,4689538.938477822,19.0,T,4
1645136892.4435282,3676,0,0,,42.33916171166668,-71.08482917500001,7.759,328255.7151546423,4689539.06914261,19.0,T,4
1645136892.6528683,3677,0,0,,42.33916319500001,-71.08482757833335,7.776,328255.8507289762,4689539.230630451,19.0,T,4
1645136892.8530571,3678,0,0,,42.339164753333336,-71.08482613999999,7.76,328255.97346375126,4689539.40076628,19.0,T,4
1645136893.0513659,3679,0,0,,42.339166401666674,-71.08482451666669,7.767,328256.11168413213,4689539.580522255,19.0,T,4
1645136893.2500675,3680,0,0,,42.339167936666676,-71.08482250166668,7.783,328256.281862053,4689539.746902323,19.0,T,4
1645136893.44748,3681,0,0,,42.33916927333333,-71.08482067666667,7.756,328256.43584750127,4689539.891642758,19.0,T,4
1645136893.648193,3682,0,0,,42.339170630000005,-71.08481860333333,7.758,328256.6103454719,4689540.03810245,19.0,T,4
1645136893.8496392,3683,0,0,,42.33917213333334,-71.08481692166666,7.777,328256.7529766476,4689540.201639467,19.0,T,4
1645136894.0469446,3684,0,0,,42.33917372999999,-71.08481550166667,7.744,328256.87430541957,4689540.3760689655,19.0,T,4
1645136894.2483869,3685,0,0,,42.33917535166667,-71.08481368333332,7.755,328257.02851755987,4689540.5524699595,19.0,T,4
1645136894.4417841,3686,0,0,,42.33917682,-71.08481198666668,7.772,328257.1722891457,4689540.712090204,19.0,T,4
1645136894.665262,3687,0,0,,42.33917825666668,-71.08481013000001,7.74,328257.3291555557,4689540.867870936,19.0,T,4
1645136894.8464818,3688,0,0,,42.339179539999996,-71.08480825,7.753,328257.48752674035,4689541.006578041,19.0,T,4
1645136895.0439076,3689,0,0,,42.339180988333325,-71.08480679666665,7.769,328257.61119769025,4689541.164468937,19.0,T,4
1645136895.240865,3690,0,0,,42.33918265166667,-71.08480522333333,7.748,328257.7453397609,4689541.345991572,19.0,T,4
1645136895.4445167,3691,0,0,,42.33918430666665,-71.08480348666666,7.754,328257.8929147842,4689541.526258946,19.0,T,4
1645136895.642885,3692,0,0,,42.33918575833333,-71.08480179666667,7.765,328258.03609174734,4689541.684041969,19.0,T,4
1645136895.8513992,3693,0,0,,42.339187041666676,-71.08480010833334,7.739,328258.1786731073,4689541.8231362235,19.0,T,4
1645136896.0448024,3694,0,0,,42.339188175,-71.084798315,7.755,328258.32949614315,4689541.945362041,19.0,T,4
1645136896.240036,3695,0,0,,42.33918963833333,-71.08479684833333,7.762,328258.45430631714,4689542.104891656,19.0,T,4
1645136896.4444697,3696,0,0,,42.339191220000004,-71.0847956,7.747,328258.56145201996,4689542.278002286,19.0,T,4
1645136896.6609435,3697,0,0,,42.33919284833333,-71.08479396999999,7.757,328258.700167045,4689542.455523995,19.0,T,4
1645136896.846024,3698,0,0,,42.33919424666666,-71.08479245,7.774,328258.82919391507,4689542.6077281395,19.0,T,4
1645136897.0442083,3699,0,0,,42.339195475,-71.08479052666668,7.733,328258.99098515545,4689542.740240422,19.0,T,4
1645136897.2479343,3700,0,0,,42.33919670833333,-71.08478876999999,7.745,328259.1390597555,4689542.873644554,19.0,T,4
1645136897.447139,3701,0,0,,42.33919804166667,-71.08478728166668,7.768,328259.26530089753,4689543.018694911,19.0,T,4
1645136897.6443944,3702,0,0,,42.339199531666665,-71.08478563666667,7.726,328259.40487499733,4689543.180825475,19.0,T,4
1645136897.8478925,3703,0,0,,42.339201075,-71.08478393,7.726,328259.5496744822,4689543.348753747,19.0,T,4
1645136898.0529077,3704,0,0,,42.33920242833332,-71.08478212333333,7.75,328259.70219483436,4689543.495381985,19.0,T,4
1645136898.244796,3705,0,0,,42.339203796666666,-71.08478018000001,7.719,328259.8660148197,4689543.643399825,19.0,T,4
1645136898.4416716,3706,0,0,,42.33920514166667,-71.08477824833332,7.722,328260.0288101566,4689543.788850244,19.0,T,4
1645136898.661141,3707,0,0,,42.33920663333333,-71.08477654666667,7.74,328260.1730570416,4689543.951051435,19.0,T,4
1645136898.8488467,3708,0,0,,42.33920815333333,-71.08477491000001,7.724,328260.3120262652,4689544.116530118,19.0,T,4
1645136899.0426917,3709,0,0,,42.33920972166667,-71.08477308500001,7.738,328260.4666422485,4689544.286995457,19.0,T,4
1645136899.2520576,3710,0,0,,42.339211165,-71.084771175,7.754,328260.6279203376,4689544.44340882,19.0,T,4
1645136899.4520066,3711,0,0,,42.339212409999995,-71.08476929499999,7.745,328260.7861870156,4689544.57785937,19.0,T,4
1645136899.6398766,3712,0,0,,42.339213861666664,-71.08476741833334,7.757,328260.94474172726,4689544.735265417,19.0,T,4
1645136899.8506522,3713,0,0,,42.33921533666666,-71.08476566666666,7.763,328261.0930622751,4689544.895514932,19.0,T,4
1645136900.049878,3714,0,0,,42.33921691000001,-71.08476391833334,7.726,328261.2413759192,4689545.066690353,19.0,T,4
1645136900.2499762,3715,0,0,,42.33921851666667,-71.08476212166667,7.739,328261.3937620809,4689545.241469561,19.0,T,4
1645136900.4464545,3716,0,0,,42.33921995,-71.08476019500002,7.744,328261.5563859253,4689545.396738856,19.0,T,4
1645136900.662302,3717,0,0,,42.33922132166667,-71.084758165,7.72,328261.7273546307,4689545.54495183,19.0,T,4
1645136900.8516598,3718,0,0,,42.3392227,-71.084756465,7.751,328261.8711555966,4689545.694571618,19.0,T,4
1645136901.058358,3719,0,0,,42.339224216666665,-71.08475465500001,7.748,328262.0243951229,4689545.859330096,19.0,T,4
1645136901.25227,3720,0,0,,42.33922570500001,-71.08475292166668,7.744,328262.1712415965,4689546.021097227,19.0,T,4
1645136901.4530876,3721,0,0,,42.33922722833333,-71.08475116833334,7.764,328262.31983097806,4689546.186710447,19.0,T,4
1645136901.6511724,3722,0,0,,42.339228645000006,-71.08474927166667,7.749,328262.4799379639,4689546.340189651,19.0,T,4
1645136901.84706,3723,0,0,,42.33923002500001,-71.08474736333334,7.727,328262.64090623724,4689546.4895737395,19.0,T,4
1645136902.0458279,3724,0,0,,42.339231420000004,-71.08474562666667,7.753,328262.78777318925,4689546.640970192,19.0,T,4
1645136902.2461627,3725,0,0,,42.33923296,-71.084744105,7.744,328262.9173228848,4689546.808902044,19.0,T,4
1645136902.4448078,3726,0,0,,42.33923448833335,-71.08474233333334,7.741,328263.067436169,4689546.975033466,19.0,T,4
1645136902.683027,3727,0,0,,42.339235915,-71.08474066833334,7.775,328263.208485311,4689547.13009102,19.0,T,4
1645136902.8424144,3728,0,0,,42.33923737333333,-71.08473889833333,7.738,328263.3582707101,4689547.288452843,19.0,T,4
1645136903.0552983,3729,0,0,,42.33923865499999,-71.08473688,7.727,328263.52803319343,4689547.426695606,19.0,T,4
1645136903.2462277,3730,0,0,,42.33924011333333,-71.084735175,7.743,328263.67246378533,4689547.585188723,19.0,T,4
1645136903.4474573,3731,0,0,,42.33924159,-71.08473349333333,7.732,328263.8150220505,4689547.745764745,19.0,T,4
1645136903.6482754,3732,0,0,,42.33924303666666,-71.08473169333332,7.731,328263.9672471051,4689547.902770495,19.0,T,4
1645136903.8484735,3733,0,0,,42.33924465,-71.08472971333333,7.751,328264.13475454727,4689548.077919755,19.0,T,4
1645136904.0549397,3734,0,0,,42.33924598499999,-71.08472775000001,7.722,328264.3001312138,4689548.222195884,19.0,T,4
1645136904.2429612,3735,0,0,,42.339247248333336,-71.08472602833334,7.728,328264.4454039231,4689548.359002089,19.0,T,4
1645136904.4427178,3736,0,0,,42.33924857499999,-71.08472441666666,7.744,328264.5817870871,4689548.503063151,19.0,T,4
1645136904.6586175,3737,0,0,,42.33925006999999,-71.08472284499999,7.707,328264.7153332687,4689548.665897141,19.0,T,4
1645136904.8503842,3738,0,0,,42.33925158166667,-71.08472119500001,7.708,328264.8553780244,4689548.830423627,19.0,T,4
1645136905.0498588,3739,0,0,,42.339253119999995,-71.08471957,7.731,328264.9934358405,4689548.997961738,19.0,T,4
1645136905.25368,3740,0,0,,42.33925455166667,-71.08471781833333,7.7,328265.14163823694,4689549.153399498,19.0,T,4
1645136905.4557543,3741,0,0,,42.339255924999996,-71.08471603500001,7.716,328265.29229056207,4689549.302295828,19.0,T,4
1645136905.6506476,3742,0,0,,42.339257415000006,-71.08471415,7.733,328265.4516359421,4689549.463941768,19.0,T,4
1645136905.8516266,3743,0,0,,42.33925888,-71.08471267833333,7.733,328265.57686227025,4689549.623646475,19.0,T,4
1645136906.05938,3744,0,0,,42.33926031166667,-71.08471103999999,7.736,328265.7157280826,4689549.77931315,19.0,T,4
1645136906.2508976,3745,0,0,,42.33926183499999,-71.084709445,7.749,328265.85127357894,4689549.945246234,19.0,T,4
1645136906.4539,3746,0,0,,42.33926336999999,-71.08470791333335,7.712,328265.9816333407,4689550.112602731,19.0,T,4
1645136906.662556,3747,0,0,,42.33926463666667,-71.08470601666666,7.712,328266.14133179944,4689550.249425656,19.0,T,4
1645136906.847269,3748,0,0,,42.33926600666666,-71.08470441499999,7.721,328266.2770090527,4689550.398318783,19.0,T,4
1645136907.0503266,3749,0,0,,42.33926742499999,-71.084702935,7.697,328266.4027948101,4689550.552824696,19.0,T,4
1645136907.2510374,3750,0,0,,42.339268971666655,-71.08470133,7.687,328266.53922761447,4689550.721328585,19.0,T,4
1645136907.4522693,3751,0,0,,42.339270358333344,-71.08469974833332,7.717,328266.673302597,4689550.872112824,19.0,T,4
1645136907.6528413,3752,0,0,,42.33927168333333,-71.08469801333334,7.695,328266.81984150317,4689551.015739756,19.0,T,4
1645136907.8538368,3753,0,0,,42.33927280666667,-71.08469615,7.706,328266.9764036662,4689551.136713948,19.0,T,4
1645136908.047663,3754,0,0,,42.33927394833333,-71.08469466333334,7.723,328267.1019854108,4689551.2604846805,19.0,T,4
1645136908.2536054,3755,0,0,,42.33927511666667,-71.08469297999999,7.709,328267.2438414224,4689551.386819336,19.0,T,4
1645136908.452081,3756,0,0,,42.339276405,-71.084691365,7.695,328267.3803947174,4689551.526617092,19.0,T,4
1645136908.6581943,3757,0,0,,42.33927701166667,-71.084689725,7.703,328267.5171517804,4689551.5906704655,19.0,T,4
1645136908.8496673,3758,0,0,,42.339277565,-71.08468804833332,7.69,328267.656784301,4689551.648727526,19.0,T,4
1645136909.0497923,3759,0,0,,42.339277658333344,-71.08468659333334,7.697,328267.7769033067,4689551.656152797,19.0,T,4
1645136909.2548287,3760,0,0,,42.33927759333333,-71.084685035,7.72,328267.9051040164,4689551.645787651,19.0,T,4
1645136909.4480898,3761,0,0,,42.339277425,-71.08468375166667,7.723,328268.01036853006,4689551.62450355,19.0,T,4
1645136909.6477518,3762,0,0,,42.339277155000005,-71.08468255333334,7.71,328268.10835385125,4689551.592101819,19.0,T,4
1645136909.8477075,3763,0,0,,42.339276850000005,-71.08468154333333,7.689,328268.19072872994,4689551.556193982,19.0,T,4
1645136910.048506,3764,0,0,,42.33927648499999,-71.08468046666667,7.677,328268.278432357,4689551.513488956,19.0,T,4
1645136910.248258,3765,0,0,,42.33927610333334,-71.08467952333334,7.702,328268.3551064272,4689551.469202522,19.0,T,4
1645136910.4457417,3766,0,0,,42.33927562833334,-71.08467817166668,7.708,328268.46516547486,4689551.413727418,19.0,T,4
1645136910.6584888,3767,0,0,,42.33927480666666,-71.08467666333334,7.674,328268.5871871902,4689551.3194411965,19.0,T,4
1645136910.8491466,3768,0,0,,42.33927397833333,-71.084675085,7.682,328268.7149574562,4689551.224273321,19.0,T,4
1645136911.0568721,3769,0,0,,42.33927301000001,-71.08467366666667,7.694,328268.8291655695,4689551.113882665,19.0,T,4
1645136911.2431633,3770,0,0,,42.33927198333334,-71.08467219500001,7.707,328268.94760855497,4689550.996906821,19.0,T,4
1645136911.4484644,3771,0,0,,42.339270705000004,-71.08467073333333,7.727,328269.06454260636,4689550.852005509,19.0,T,4
1645136911.654481,3772,0,0,,42.33926959166667,-71.08466893666667,7.721,328269.2095236161,4689550.724749594,19.0,T,4
1645136911.852893,3773,0,0,,42.33926854999999,-71.084667205,7.708,328269.34934494656,4689550.605582998,19.0,T,4
1645136912.0629718,3774,0,0,,42.33926740499999,-71.08466530499999,7.716,328269.50275250664,4689550.474602043,19.0,T,4
1645136912.2431304,3775,0,0,,42.339266261666666,-71.08466348333333,7.724,328269.64971139864,4689550.343964376,19.0,T,4
1645136912.4447439,3776,0,0,,42.33926491333334,-71.08466178499998,7.695,328269.7859518422,4689550.1908121165,19.0,T,4
1645136912.6577015,3777,0,0,,42.33926357,-71.08465994666668,7.706,328269.9337392965,4689550.037932315,19.0,T,4
1645136912.8486192,3778,0,0,,42.33926236333334,-71.084658295,7.72,328270.06652095215,4689549.900605318,19.0,T,4
1645136913.0502346,3779,0,0,,42.33926130333332,-71.08465647333334,7.69,328270.2137067291,4689549.779221192,19.0,T,4
1645136913.2518394,3780,0,0,,42.339260176666656,-71.08465457833334,7.7,328270.36675232527,4689549.650286133,19.0,T,4
1645136913.4503775,3781,0,0,,42.33925902999999,-71.08465282166668,7.707,328270.5083473843,4689549.519409619,19.0,T,4
1645136913.6516104,3782,0,0,,42.339257706666665,-71.08465129666668,7.7,328270.6303764743,4689549.369383517,19.0,T,4
1645136913.8481996,3783,0,0,,42.33925622,-71.08464966666668,7.71,328270.7606109705,4689549.201008426,19.0,T,4
1645136914.0519125,3784,0,0,,42.33925497333333,-71.08464800000002,7.714,328270.8945194848,4689549.059209455,19.0,T,4
1645136914.2517214,3785,0,0,,42.33925392999999,-71.08464613666668,7.724,328271.0451832273,4689548.9395919,19.0,T,4
1645136914.4506915,3786,0,0,,42.33925253000001,-71.08464399999998,7.71,328271.2173935987,4689548.779817192,19.0,T,4
1645136914.6635444,3787,0,0,,42.33925129833333,-71.08464243000002,7.707,328271.3433794271,4689548.639879099,19.0,T,4
1645136914.845737,3788,0,0,,42.33924991166666,-71.084640585,7.674,328271.49159819353,4689548.48217403,19.0,T,4
1645136915.058843,3789,0,0,,42.339248576666655,-71.08463897666668,7.697,328271.6204606816,4689548.330684144,19.0,T,4
1645136915.2533555,3790,0,0,,42.339247351666664,-71.08463706833332,7.717,328271.7743370607,4689548.190803023,19.0,T,4
1645136915.4544961,3791,0,0,,42.33924613333333,-71.084635005,7.705,328271.9410007168,4689548.05134914,19.0,T,4
1645136915.6577537,3792,0,0,,42.339244901666675,-71.084633025,7.722,328272.10076295864,4689547.910583002,19.0,T,4
1645136915.8498201,3793,0,0,,42.339243575,-71.08463125666668,7.716,328272.24282918737,4689547.759695333,19.0,T,4
1645136916.0523412,3794,0,0,,42.33924233666667,-71.08462967666667,7.712,328272.3696207246,4689547.618996784,19.0,T,4
1645136916.2540886,3795,0,0,,42.33924102333334,-71.08462796500001,7.727,328272.50705497887,4689547.469704136,19.0,T,4
1645136916.4534674,3796,0,0,,42.339239836666664,-71.08462601666668,7.7,328272.66433100554,4689547.333998872,19.0,T,4
1645136916.6612608,3797,0,0,,42.33923865,-71.08462394333333,7.69,328272.8319047201,4689547.198041157,19.0,T,4
1645136916.851584,3798,0,0,,42.33923738499999,-71.08462180500001,7.724,328273.0046199861,4689547.053253847,19.0,T,4
1645136917.0427723,3799,0,0,,42.33923619000001,-71.08461991,7.725,328273.1574796721,4689546.91673096,19.0,T,4
1645136917.2496839,3800,0,0,,42.33923483833334,-71.08461808,7.699,328273.3045580728,4689546.762942713,19.0,T,4
1645136917.4510565,3801,0,0,,42.339233635,-71.084616255,7.726,328273.45162838296,4689546.62563585,19.0,T,4
1645136917.64758,3802,0,0,,42.33923240833333,-71.08461418,7.71,328273.6192305402,4689546.485233094,19.0,T,4
1645136917.851603,3803,0,0,,42.33923110833333,-71.08461206666666,7.712,328273.7897910259,4689546.336609813,19.0,T,4
1645136918.0522,3804,0,0,,42.33922993666666,-71.08461013333334,7.762,328273.945872213,4689546.202600511,19.0,T,4
1645136918.254283,3805,0,0,,42.33922861833334,-71.08460845666666,7.759,328274.0804095717,4689546.052823372,19.0,T,4
1645136918.4529037,3806,0,0,,42.33922707499999,-71.08460660499999,7.742,328274.2287511752,4689545.877708259,19.0,T,4
1645136918.666162,3807,0,0,,42.33922572333333,-71.08460486166666,7.739,328274.36868989666,4689545.724095072,19.0,T,4
1645136918.8510706,3808,0,0,,42.33922460666666,-71.08460303166667,7.732,328274.5164080863,4689545.596401811,19.0,T,4
1645136919.0572898,3809,0,0,,42.33922333833333,-71.08460107,7.714,328274.6745602957,4689545.451601207,19.0,T,4
1645136919.2556715,3810,0,0,,42.339222084999996,-71.08459915333333,7.729,328274.82904618076,4689545.308557125,19.0,T,4
1645136919.4474342,3811,0,0,,42.33922074833333,-71.08459732333333,7.71,328274.9761654888,4689545.156434551,19.0,T,4
1645136919.6512115,3812,0,0,,42.33921947166667,-71.08459543166668,7.708,328275.1285283286,4689545.010849978,19.0,T,4
1645136919.8498862,3813,0,0,,42.33921823666667,-71.08459344666666,7.721,328275.2886935427,4689544.869703676,19.0,T,4
1645136920.0510757,3814,0,0,,42.33921711666667,-71.08459145,7.72,328275.4501329352,4689544.741303691,19.0,T,4
1645136920.2570546,3815,0,0,,42.33921586666667,-71.08458946,7.728,328275.6106692342,4689544.5984816635,19.0,T,4
1645136920.44585,3816,0,0,,42.339214621666656,-71.08458762333333,7.729,328275.7585873245,4689544.456524525,19.0,T,4
1645136920.659907,3817,0,0,,42.33921334166666,-71.08458587666667,7.717,328275.8989958095,4689544.310862673,19.0,T,4
1645136920.8484185,3818,0,0,,42.33921189166667,-71.08458422666666,7.733,328276.0309779768,4689544.146518851,19.0,T,4
1645136921.0474737,3819,0,0,,42.33921061666666,-71.084582275,7.733,328276.18828828796,4689544.000998197,19.0,T,4
1645136921.2477767,3820,0,0,,42.33920929833334,-71.08458031666667,7.699,328276.3460298499,4689543.850652245,19.0,T,4
1645136921.4473677,3821,0,0,,42.339208051666674,-71.08457826,7.713,328276.51206735836,4689543.708065741,19.0,T,4
1645136921.6474397,3822,0,0,,42.339206666666655,-71.08457629166666,7.72,328276.6704512677,4689543.550296774,19.0,T,4
1645136921.8464735,3823,0,0,,42.339205281666665,-71.08457454666666,7.698,328276.8104366553,4689543.392978857,19.0,T,4
1645136922.0567188,3824,0,0,,42.339203943333324,-71.08457277999999,7.716,328276.95233401784,4689543.240799165,19.0,T,4
1645136922.2515435,3825,0,0,,42.339202711666665,-71.08457096333333,7.721,328277.09864082804,4689543.100363016,19.0,T,4
1645136922.4504306,3826,0,0,,42.339201626666664,-71.08456909,7.713,328277.2500151912,4689542.976098643,19.0,T,4
1645136922.6617255,3827,0,0,,42.33920031166667,-71.084566925,7.73,328277.4247913833,4689542.825705474,19.0,T,4
1645136922.8520672,3828,0,0,,42.339198884999995,-71.08456494,7.706,328277.5844349324,4689542.663276104,19.0,T,4
1645136923.060108,3829,0,0,,42.339197435,-71.08456324166666,7.68,328277.720398944,4689542.498834701,19.0,T,4
1645136923.2459407,3830,0,0,,42.33919618666667,-71.0845614,7.71,328277.8687199544,4689542.3564973725,19.0,T,4
1645136923.446832,3831,0,0,,42.33919501166667,-71.08455944666667,7.699,328278.02643986826,4689542.222077635,19.0,T,4
1645136923.649488,3832,0,0,,42.33919402166666,-71.08455728666665,7.7,328278.2016889092,4689542.107783359,19.0,T,4
1645136923.8519664,3833,0,0,,42.33919254166667,-71.08455502666668,7.722,328278.3838422181,4689541.938876364,19.0,T,4
1645136924.0536578,3834,0,0,,42.339190968333334,-71.08455315500001,7.696,328278.533749982,4689541.760389687,19.0,T,4
1645136924.2484996,3835,0,0,,42.33918963333333,-71.08455135999999,7.69,328278.67799063365,4689541.60852295,19.0,T,4
1645136924.4452868,3836,0,0,,42.33918823166667,-71.084549235,7.69,328278.84923570394,4689541.44858693,19.0,T,4
1645136924.6634083,3837,0,0,,42.33918702833333,-71.08454719166667,7.655,328279.0142928639,4689541.310839251,19.0,T,4
1645136924.8512096,3838,0,0,,42.33918569666666,-71.08454483000001,7.648,328279.2052254607,4689541.158198239,19.0,T,4
1645136925.0566857,3839,0,0,,42.339184415000005,-71.08454286833332,7.685,328279.3633415745,4689541.011917184,19.0,T,4
1645136925.2469726,3840,0,0,,42.33918303833334,-71.08454090166666,7.678,328279.521610993,4689540.855077006,19.0,T,4
1645136925.4416196,3841,0,0,,42.339181866666664,-71.08453908833334,7.709,328279.6678066324,4689540.721310188,19.0,T,4
1645136925.6441617,3842,0,0,,42.33918070333334,-71.08453712000001,7.711,328279.8267940997,4689540.588155696,19.0,T,4
1645136925.8542228,3843,0,0,,42.339179564999995,-71.08453499833333,7.668,328279.99848146096,4689540.457467596,19.0,T,4
1645136926.0406725,3844,0,0,,42.339178431666674,-71.08453274666667,7.707,328280.1808920332,4689540.327072173,19.0,T,4
1645136926.2489471,3845,0,0,,42.339177183333334,-71.08453096333334,7.716,328280.32440755377,4689540.184852706,19.0,T,4
1645136926.4439688,3846,0,0,,42.33917583000001,-71.08452923833335,7.699,328280.46283166105,4689540.031091604,19.0,T,4
1645136926.655458,3847,0,0,,42.33917451166667,-71.08452763833333,7.72,328280.5910533625,4689539.88146943,19.0,T,4
1645136926.8573742,3848,0,0,,42.339173175,-71.08452565500001,7.719,328280.7508047467,4689539.729037317,19.0,T,4
1645136927.0446718,3849,0,0,,42.339172035,-71.08452356666666,7.697,328280.9197415564,4689539.598231491,19.0,T,4
1645136927.2573547,3850,0,0,,42.33917078166665,-71.08452147,7.725,328281.0890563751,4689539.454824035,19.0,T,4
1645136927.4445121,3851,0,0,,42.33916933833334,-71.08451957666665,7.7,328281.2411030781,4689539.290729177,19.0,T,4
1645136927.6523373,3852,0,0,,42.33916808166667,-71.08451781333332,7.695,328281.38294832525,4689539.147624772,19.0,T,4
1645136927.8470738,3853,0,0,,42.339166721666665,-71.08451594499999,7.716,328281.5331623502,4689538.9928339375,19.0,T,4
1645136928.0473526,3854,0,0,,42.33916551666666,-71.08451403666666,7.703,328281.6870935755,4689538.855173895,19.0,T,4
1645136928.2451434,3855,0,0,,42.33916436,-71.08451193666666,7.704,328281.85694617376,4689538.7224938255,19.0,T,4
1645136928.4478233,3856,0,0,,42.33916304833333,-71.08450995166666,7.724,328282.0169029682,4689538.572834438,19.0,T,4
1645136928.6587434,3857,0,0,,42.33916181666667,-71.08450816999999,7.697,328282.16032662743,4689538.432469087,19.0,T,4
1645136928.8500419,3858,0,0,,42.33916047833333,-71.08450653500002,7.698,328282.29137730383,4689538.280555415,19.0,T,4
1645136929.0494752,3859,0,0,,42.33915925666667,-71.08450463833331,7.712,328282.4443020758,4689538.141068244,19.0,T,4
1645136929.2549806,3860,0,0,,42.33915808333333,-71.08450267333333,7.691,328282.6029878269,4689538.006810125,19.0,T,4
1645136929.4447773,3861,0,0,,42.33915680333333,-71.08450055833333,7.687,328282.7737404542,4689537.860404559,19.0,T,4
1645136929.656136,3862,0,0,,42.33915542666667,-71.08449857166667,7.717,328282.93365765153,4689537.703524073,19.0,T,4
1645136929.8438418,3863,0,0,,42.339154085000004,-71.08449678999999,7.703,328283.0767819148,4689537.550944077,19.0,T,4
1645136930.0486557,3864,0,0,,42.33915266833333,-71.08449500833333,7.694,328283.2197020225,4689537.390035905,19.0,T,4
1645136930.2480881,3865,0,0,,42.339151401666676,-71.08449318333334,7.7,328283.366600325,4689537.245696586,19.0,T,4
1645136930.4495234,3866,0,0,,42.339150391666664,-71.08449121333332,7.678,328283.52614263655,4689537.129565311,19.0,T,4
1645136930.6578815,3867,0,0,,42.33914925,-71.08448906333332,7.69,328283.70015522104,4689536.998449949,19.0,T,4
1645136930.8477833,3868,0,0,,42.339148088333324,-71.08448722333331,7.71,328283.84857508796,4689536.865739793,19.0,T,4
1645136931.0444381,3869,0,0,,42.339146818333326,-71.08448537666666,7.681,328283.9972492732,4689536.720986586,19.0,T,4
1645136931.2620072,3870,0,0,,42.339145528333326,-71.08448357333333,7.685,328284.14229915314,4689536.574100048,19.0,T,4
1645136931.4499793,3871,0,0,,42.33914424333334,-71.08448168166666,7.68,328284.29463969055,4689536.427590336,19.0,T,4
1645136931.650999,3872,0,0,,42.339143045,-71.08447971333332,7.664,328284.4535320698,4689536.290549469,19.0,T,4
1645136931.848716,3873,0,0,,42.33914163666667,-71.08447738333334,7.671,328284.64164747746,4689536.129459317,19.0,T,4
1645136932.0498393,3874,0,0,,42.339140335,-71.08447543333332,7.681,328284.7987482579,4689535.980981103,19.0,T,4
1645136932.2588463,3875,0,0,,42.339138999999996,-71.08447370333333,7.654,328284.9376343625,4689535.829245772,19.0,T,4
1645136932.4465096,3876,0,0,,42.33913760000001,-71.08447184666667,7.67,328285.08677853504,4689535.670036888,19.0,T,4
1645136932.656705,3877,0,0,,42.33913646,-71.08446995666667,7.661,328285.2393765118,4689535.539631707,19.0,T,4
1645136932.8560493,3878,0,0,,42.33913543666666,-71.08446782833335,7.662,328285.4119263494,4689535.421700159,19.0,T,4
1645136933.0535305,3879,0,0,,42.339134135,-71.084465755,7.682,328285.57918755466,4689535.272972892,19.0,T,4
1645136933.2528837,3880,0,0,,42.339132835,-71.08446405666668,7.689,328285.7155602133,4689535.125188013,19.0,T,4
1645136933.453354,3881,0,0,,42.3391315,-71.08446242000001,7.671,328285.8467574084,4689534.973641187,19.0,T,4
1645136933.6519198,3882,0,0,,42.339130141666665,-71.08446072666668,7.688,328285.98255938385,4689534.81938894,19.0,T,4
1645136933.8463128,3883,0,0,,42.33912895666667,-71.08445875333334,7.667,328286.14190003404,4689534.6838185815,19.0,T,4
1645136934.0482855,3884,0,0,,42.33912782666666,-71.08445667666666,7.653,328286.3099031714,4689534.5541468775,19.0,T,4
1645136934.2518067,3885,0,0,,42.33912653833333,-71.08445491,7.693,328286.451937023,4689534.407519508,19.0,T,4
1645136934.4495115,3886,0,0,,42.33912522333333,-71.08445319166668,7.671,328286.58991651924,4689534.258028623,19.0,T,4
1645136934.6607637,3887,0,0,,42.33912379333332,-71.08445144499998,7.644,328286.7299171293,4689534.095710645,19.0,T,4
1645136934.8538547,3888,0,0,,42.33912251,-71.084449675,7.676,328286.87223921844,4689533.949631766,19.0,T,4
1645136935.0516884,3889,0,0,,42.33912120333332,-71.08444767666667,7.665,328287.03330826067,4689533.800500785,19.0,T,4
1645136935.2602324,3890,0,0,,42.33912000000001,-71.08444556833332,7.655,328287.2037205665,4689533.662622047,19.0,T,4
1645136935.4508116,3891,0,0,,42.339118729999996,-71.08444370166667,7.672,328287.3540425213,4689533.517828526,19.0,T,4
1645136935.6517308,3892,0,0,,42.33911733,-71.084441975,7.66,328287.492477193,4689533.358882229,19.0,T,4
1645136935.8508599,3893,0,0,,42.33911594999999,-71.08444020166667,7.67,328287.63481078553,4689533.202062536,19.0,T,4
1645136936.0538917,3894,0,0,,42.33911476,-71.08443824333334,7.686,328287.7929021722,4689533.065967299,19.0,T,4
1645136936.2486997,3895,0,0,,42.339113601666675,-71.08443615,7.658,328287.96220127895,4689532.9331157785,19.0,T,4
1645136936.4534903,3896,0,0,,42.339112365,-71.08443396166666,7.689,328288.1391134161,4689532.791374091,19.0,T,4
1645136936.6679318,3897,0,0,,42.33911109333334,-71.08443195333332,7.696,328288.30110160366,4689532.646109432,19.0,T,4
1645136936.8473225,3898,0,0,,42.33910988166667,-71.08443012666667,7.668,328288.4482871244,4689532.507874188,19.0,T,4
1645136937.0479198,3899,0,0,,42.339108634999995,-71.08442837999998,7.683,328288.58878685447,4689532.36591402,19.0,T,4
1645136937.245696,3900,0,0,,42.339107334999994,-71.084426405,7.702,328288.7479518791,4689532.217570485,19.0,T,4
1645136937.44758,3901,0,0,,42.33910631,-71.08442417666667,7.657,328288.92873547715,4689532.099252012,19.0,T,4
1645136937.6511834,3902,0,0,,42.339104948333336,-71.08442216166667,7.672,328289.0910279233,4689531.943980095,19.0,T,4
1645136937.8509529,3903,0,0,,42.339103585000004,-71.08442029666668,7.675,328289.240958596,4689531.788826029,19.0,T,4
1645136938.0541322,3904,0,0,,42.339102325000006,-71.08441861333334,7.652,328289.37620456005,4689531.645513211,19.0,T,4
1645136938.2596126,3905,0,0,,42.339100901666676,-71.08441686999998,7.677,328289.5159488287,4689531.483942309,19.0,T,4
1645136938.4514673,3906,0,0,,42.33909972666667,-71.08441512333334,7.679,328289.65664367547,4689531.349940202,19.0,T,4
1645136938.6603081,3907,0,0,,42.33909857333333,-71.08441327833334,7.642,328289.8054983686,4689531.218145438,19.0,T,4
1645136938.8482928,3908,0,0,,42.33909734666666,-71.08441125333334,7.661,328289.96898214106,4689531.077844066,19.0,T,4
1645136939.0477986,3909,0,0,,42.339096048333346,-71.08440946666667,7.661,328290.11263655697,4689530.930065966,19.0,T,4
1645136939.260913,3910,0,0,,42.33909478333333,-71.08440771500001,7.631,328290.2534983563,4689530.786059959,19.0,T,4
1645136939.4464188,3911,0,0,,42.33909364666666,-71.08440599333333,7.672,328290.3922380366,4689530.656364979,19.0,T,4
1645136939.6462138,3912,0,0,,42.339092478333335,-71.08440425833335,7.659,328290.53198994556,4689530.523126734,19.0,T,4
1645136939.8427162,3913,0,0,,42.33909157833333,-71.08440239666666,7.648,328290.68290727487,4689530.419429067,19.0,T,4
1645136940.0455782,3914,0,0,,42.33909063833333,-71.08440064166666,7.683,328290.82492835214,4689530.3115051165,19.0,T,4
1645136940.2547817,3915,0,0,,42.33908958666666,-71.08439935833333,7.672,328290.92778880685,4689530.192133934,19.0,T,4
1645136940.4456272,3916,0,0,,42.33908879833332,-71.08439852999999,7.646,328290.9938824151,4689530.102922759,19.0,T,4
1645136940.6633823,3917,0,0,,42.33908816666667,-71.08439754833333,7.662,328291.07303432334,4689530.0307985805,19.0,T,4
1645136940.8533542,3918,0,0,,42.33908775999999,-71.08439681166666,7.673,328291.1326151813,4689529.984153694,19.0,T,4
1645136941.0486202,3919,0,0,,42.33908738333333,-71.08439642166667,7.659,328291.1637187329,4689529.941540153,19.0,T,4
1645136941.2512202,3920,0,0,,42.33908731166667,-71.08439601666669,7.659,328291.1968882169,4689529.932764245,19.0,T,4
1645136941.446765,3921,0,0,,42.33908740166666,-71.08439565666666,7.678,328291.22679058847,4689529.942031063,19.0,T,4
1645136941.6508977,3922,0,0,,42.33908724166666,-71.08439549666666,7.649,328291.23953613,4689529.9239411745,19.0,T,4
1645136941.8476415,3923,0,0,,42.33908718166668,-71.08439550333333,7.639,328291.23882359895,4689529.917292096,19.0,T,4
1645136942.0448778,3924,0,0,,42.339087113333335,-71.08439545333334,7.641,328291.24275667756,4689529.909603226,19.0,T,4
1645136942.2510505,3925,0,0,,42.339087060000004,-71.08439535666668,7.644,328291.2505750611,4689529.9034857545,19.0,T,4
